k;g;s;v;lbl;dim;kg;A;I;W;i;U;d_D;d_t
BP-21.3X2;;"Ø21,3 (1/2"")";2;Ø21,3×2;"Ø21,3 · 1/2""";0.95;1.21;0.57;0.54;0.69;0.067;21.3;2
BP-21.3X2.3;;"Ø21,3 (1/2"")";2.3;Ø21,3×2,3;"Ø21,3 · 1/2""";1.08;1.37;0.63;0.59;0.68;0.067;21.3;2.3
BP-21.3X2.6;;"Ø21,3 (1/2"")";2.6;Ø21,3×2,6;"Ø21,3 · 1/2""";1.2;1.53;0.68;0.64;0.67;0.067;21.3;2.6
BP-21.3X2.9;;"Ø21,3 (1/2"")";2.9;Ø21,3×2,9;"Ø21,3 · 1/2""";1.32;1.68;0.73;0.68;0.66;0.067;21.3;2.9
BP-21.3X3.2;;"Ø21,3 (1/2"")";3.2;Ø21,3×3,2;"Ø21,3 · 1/2""";1.43;1.82;0.77;0.72;0.65;0.067;21.3;3.2
BP-26.9X2;;"Ø26,9 (3/4"")";2;Ø26,9×2;"Ø26,9 · 3/4""";1.23;1.56;1.22;0.91;0.88;0.085;26.9;2
BP-26.9X2.3;;"Ø26,9 (3/4"")";2.3;Ø26,9×2,3;"Ø26,9 · 3/4""";1.4;1.78;1.36;1.01;0.87;0.085;26.9;2.3
BP-26.9X2.6;;"Ø26,9 (3/4"")";2.6;Ø26,9×2,6;"Ø26,9 · 3/4""";1.56;1.98;1.48;1.1;0.86;0.085;26.9;2.6
BP-26.9X2.9;;"Ø26,9 (3/4"")";2.9;Ø26,9×2,9;"Ø26,9 · 3/4""";1.72;2.19;1.6;1.19;0.85;0.085;26.9;2.9
BP-26.9X3.2;;"Ø26,9 (3/4"")";3.2;Ø26,9×3,2;"Ø26,9 · 3/4""";1.87;2.38;1.7;1.27;0.85;0.085;26.9;3.2
BP-33.7X2;;"Ø33,7 (1"")";2;Ø33,7×2;"Ø33,7 · 1""";1.56;1.99;2.51;1.49;1.12;0.106;33.7;2
BP-33.7X2.6;;"Ø33,7 (1"")";2.6;Ø33,7×2,6;"Ø33,7 · 1""";1.99;2.54;3.09;1.84;1.1;0.106;33.7;2.6
BP-33.7X2.9;;"Ø33,7 (1"")";2.9;Ø33,7×2,9;"Ø33,7 · 1""";2.2;2.81;3.36;1.99;1.09;0.106;33.7;2.9
BP-33.7X3.2;;"Ø33,7 (1"")";3.2;Ø33,7×3,2;"Ø33,7 · 1""";2.41;3.07;3.6;2.14;1.08;0.106;33.7;3.2
BP-33.7X4;;"Ø33,7 (1"")";4;Ø33,7×4;"Ø33,7 · 1""";2.93;3.73;4.19;2.49;1.06;0.106;33.7;4
BP-42.4X2;;"Ø42,4 (1 1/4"")";2;Ø42,4×2;"Ø42,4 · 1 1/4""";1.99;2.54;5.19;2.45;1.43;0.133;42.4;2
BP-42.4X2.6;;"Ø42,4 (1 1/4"")";2.6;Ø42,4×2,6;"Ø42,4 · 1 1/4""";2.55;3.25;6.46;3.05;1.41;0.133;42.4;2.6
BP-42.4X2.9;;"Ø42,4 (1 1/4"")";2.9;Ø42,4×2,9;"Ø42,4 · 1 1/4""";2.82;3.6;7.06;3.33;1.4;0.133;42.4;2.9
BP-42.4X3.2;;"Ø42,4 (1 1/4"")";3.2;Ø42,4×3,2;"Ø42,4 · 1 1/4""";3.09;3.94;7.62;3.59;1.39;0.133;42.4;3.2
BP-42.4X4;;"Ø42,4 (1 1/4"")";4;Ø42,4×4;"Ø42,4 · 1 1/4""";3.79;4.83;8.99;4.24;1.36;0.133;42.4;4
BP-48.3X2;;"Ø48,3 (1 1/2"")";2;Ø48,3×2;"Ø48,3 · 1 1/2""";2.28;2.91;7.81;3.23;1.64;0.152;48.3;2
BP-48.3X2.6;;"Ø48,3 (1 1/2"")";2.6;Ø48,3×2,6;"Ø48,3 · 1 1/2""";2.93;3.73;9.78;4.05;1.62;0.152;48.3;2.6
BP-48.3X2.9;;"Ø48,3 (1 1/2"")";2.9;Ø48,3×2,9;"Ø48,3 · 1 1/2""";3.25;4.14;10.7;4.43;1.61;0.152;48.3;2.9
BP-48.3X3.2;;"Ø48,3 (1 1/2"")";3.2;Ø48,3×3,2;"Ø48,3 · 1 1/2""";3.56;4.53;11.59;4.8;1.6;0.152;48.3;3.2
BP-48.3X4;;"Ø48,3 (1 1/2"")";4;Ø48,3×4;"Ø48,3 · 1 1/2""";4.37;5.57;13.77;5.7;1.57;0.152;48.3;4
BP-48.3X5;;"Ø48,3 (1 1/2"")";5;Ø48,3×5;"Ø48,3 · 1 1/2""";5.34;6.8;16.15;6.69;1.54;0.152;48.3;5
BP-60.3X2;;"Ø60,3 (2"")";2;Ø60,3×2;"Ø60,3 · 2""";2.88;3.66;15.58;5.17;2.06;0.189;60.3;2
BP-60.3X2.6;;"Ø60,3 (2"")";2.6;Ø60,3×2,6;"Ø60,3 · 2""";3.7;4.71;19.65;6.52;2.04;0.189;60.3;2.6
BP-60.3X2.9;;"Ø60,3 (2"")";2.9;Ø60,3×2,9;"Ø60,3 · 2""";4.11;5.23;21.59;7.16;2.03;0.189;60.3;2.9
BP-60.3X3.2;;"Ø60,3 (2"")";3.2;Ø60,3×3,2;"Ø60,3 · 2""";4.51;5.74;23.47;7.78;2.02;0.189;60.3;3.2
BP-60.3X3.6;;"Ø60,3 (2"")";3.6;Ø60,3×3,6;"Ø60,3 · 2""";5.03;6.41;25.87;8.58;2.01;0.189;60.3;3.6
BP-60.3X4;;"Ø60,3 (2"")";4;Ø60,3×4;"Ø60,3 · 2""";5.55;7.07;28.17;9.34;2.0;0.189;60.3;4
BP-60.3X5;;"Ø60,3 (2"")";5;Ø60,3×5;"Ø60,3 · 2""";6.82;8.69;33.48;11.1;1.96;0.189;60.3;5
BP-76.1X2;;"Ø76,1 (2 1/2"")";2;Ø76,1×2;"Ø76,1 · 2 1/2""";3.65;4.66;31.98;8.4;2.62;0.239;76.1;2
BP-76.1X2.6;;"Ø76,1 (2 1/2"")";2.6;Ø76,1×2,6;"Ø76,1 · 2 1/2""";4.71;6.0;40.59;10.67;2.6;0.239;76.1;2.6
BP-76.1X2.9;;"Ø76,1 (2 1/2"")";2.9;Ø76,1×2,9;"Ø76,1 · 2 1/2""";5.24;6.67;44.74;11.76;2.59;0.239;76.1;2.9
BP-76.1X3.2;;"Ø76,1 (2 1/2"")";3.2;Ø76,1×3,2;"Ø76,1 · 2 1/2""";5.75;7.33;48.78;12.82;2.58;0.239;76.1;3.2
BP-76.1X3.6;;"Ø76,1 (2 1/2"")";3.6;Ø76,1×3,6;"Ø76,1 · 2 1/2""";6.44;8.2;54.01;14.19;2.57;0.239;76.1;3.6
BP-76.1X4;;"Ø76,1 (2 1/2"")";4;Ø76,1×4;"Ø76,1 · 2 1/2""";7.11;9.06;59.06;15.52;2.55;0.239;76.1;4
BP-76.1X5;;"Ø76,1 (2 1/2"")";5;Ø76,1×5;"Ø76,1 · 2 1/2""";8.77;11.17;70.92;18.64;2.52;0.239;76.1;5
BP-88.9X2.6;;"Ø88,9 (3"")";2.6;Ø88,9×2,6;"Ø88,9 · 3""";5.53;7.05;65.68;14.78;3.05;0.279;88.9;2.6
BP-88.9X3.2;;"Ø88,9 (3"")";3.2;Ø88,9×3,2;"Ø88,9 · 3""";6.76;8.62;79.21;17.82;3.03;0.279;88.9;3.2
BP-88.9X3.6;;"Ø88,9 (3"")";3.6;Ø88,9×3,6;"Ø88,9 · 3""";7.57;9.65;87.9;19.77;3.02;0.279;88.9;3.6
BP-88.9X4;;"Ø88,9 (3"")";4;Ø88,9×4;"Ø88,9 · 3""";8.38;10.67;96.34;21.67;3.0;0.279;88.9;4
BP-88.9X5;;"Ø88,9 (3"")";5;Ø88,9×5;"Ø88,9 · 3""";10.35;13.18;116.37;26.18;2.97;0.279;88.9;5
BP-88.9X6;;"Ø88,9 (3"")";6;Ø88,9×6;"Ø88,9 · 3""";12.27;15.63;134.94;30.36;2.94;0.279;88.9;6
BP-101.6X3;;"Ø101,6 (3 1/2"")";3;Ø101,6×3;"Ø101,6 · 3 1/2""";7.29;9.29;113.04;22.25;3.49;0.319;101.6;3
BP-101.6X3.2;;"Ø101,6 (3 1/2"")";3.2;Ø101,6×3,2;"Ø101,6 · 3 1/2""";7.77;9.89;119.85;23.59;3.48;0.319;101.6;3.2
BP-101.6X3.6;;"Ø101,6 (3 1/2"")";3.6;Ø101,6×3,6;"Ø101,6 · 3 1/2""";8.7;11.08;133.24;26.23;3.47;0.319;101.6;3.6
BP-101.6X4;;"Ø101,6 (3 1/2"")";4;Ø101,6×4;"Ø101,6 · 3 1/2""";9.63;12.26;146.28;28.8;3.45;0.319;101.6;4
BP-101.6X5;;"Ø101,6 (3 1/2"")";5;Ø101,6×5;"Ø101,6 · 3 1/2""";11.91;15.17;177.47;34.93;3.42;0.319;101.6;5
BP-101.6X6;;"Ø101,6 (3 1/2"")";6;Ø101,6×6;"Ø101,6 · 3 1/2""";14.15;18.02;206.68;40.68;3.39;0.319;101.6;6
BP-114.3X3;;"Ø114,3 (4"")";3;Ø114,3×3;"Ø114,3 · 4""";8.23;10.49;162.55;28.44;3.94;0.359;114.3;3
BP-114.3X3.2;;"Ø114,3 (4"")";3.2;Ø114,3×3,2;"Ø114,3 · 4""";8.77;11.17;172.47;30.18;3.93;0.359;114.3;3.2
BP-114.3X3.6;;"Ø114,3 (4"")";3.6;Ø114,3×3,6;"Ø114,3 · 4""";9.83;12.52;191.98;33.59;3.92;0.359;114.3;3.6
BP-114.3X4;;"Ø114,3 (4"")";4;Ø114,3×4;"Ø114,3 · 4""";10.88;13.86;211.07;36.93;3.9;0.359;114.3;4
BP-114.3X5;;"Ø114,3 (4"")";5;Ø114,3×5;"Ø114,3 · 4""";13.48;17.17;256.92;44.96;3.87;0.359;114.3;5
BP-114.3X6;;"Ø114,3 (4"")";6;Ø114,3×6;"Ø114,3 · 4""";16.03;20.41;300.21;52.53;3.83;0.359;114.3;6
BP-139.7X3.2;;"Ø139,7 (5"")";3.2;Ø139,7×3,2;"Ø139,7 · 5""";10.77;13.72;319.78;45.78;4.83;0.439;139.7;3.2
BP-139.7X4;;"Ø139,7 (5"")";4;Ø139,7×4;"Ø139,7 · 5""";13.39;17.05;392.86;56.24;4.8;0.439;139.7;4
BP-139.7X5;;"Ø139,7 (5"")";5;Ø139,7×5;"Ø139,7 · 5""";16.61;21.16;480.54;68.8;4.77;0.439;139.7;5
BP-139.7X6;;"Ø139,7 (5"")";6;Ø139,7×6;"Ø139,7 · 5""";19.78;25.2;564.26;80.78;4.73;0.439;139.7;6
BP-139.7X8;;"Ø139,7 (5"")";8;Ø139,7×8;"Ø139,7 · 5""";25.98;33.1;720.29;103.12;4.66;0.439;139.7;8
BP-168.3X3.2;;"Ø168,3 (6"")";3.2;Ø168,3×3,2;"Ø168,3 · 6""";13.03;16.6;565.74;67.23;5.84;0.529;168.3;3.2
BP-168.3X4;;"Ø168,3 (6"")";4;Ø168,3×4;"Ø168,3 · 6""";16.21;20.65;697.09;82.84;5.81;0.529;168.3;4
BP-168.3X5;;"Ø168,3 (6"")";5;Ø168,3×5;"Ø168,3 · 6""";20.14;25.65;855.85;101.7;5.78;0.529;168.3;5
BP-168.3X6;;"Ø168,3 (6"")";6;Ø168,3×6;"Ø168,3 · 6""";24.02;30.59;1008.69;119.87;5.74;0.529;168.3;6
BP-168.3X8;;"Ø168,3 (6"")";8;Ø168,3×8;"Ø168,3 · 6""";31.63;40.29;1297.27;154.16;5.67;0.529;168.3;8
BP-168.3X10;;"Ø168,3 (6"")";10;Ø168,3×10;"Ø168,3 · 6""";39.04;49.73;1563.98;185.86;5.61;0.529;168.3;10
BP-219.1X4;;"Ø219,1 (8"")";4;Ø219,1×4;"Ø219,1 · 8""";21.22;27.03;1563.84;142.75;7.61;0.688;219.1;4
BP-219.1X5;;"Ø219,1 (8"")";5;Ø219,1×5;"Ø219,1 · 8""";26.4;33.63;1928.04;176.0;7.57;0.688;219.1;5
BP-219.1X6;;"Ø219,1 (8"")";6;Ø219,1×6;"Ø219,1 · 8""";31.53;40.17;2281.95;208.3;7.54;0.688;219.1;6
BP-219.1X8;;"Ø219,1 (8"")";8;Ø219,1×8;"Ø219,1 · 8""";41.65;53.06;2959.63;270.16;7.47;0.688;219.1;8
BP-219.1X10;;"Ø219,1 (8"")";10;Ø219,1×10;"Ø219,1 · 8""";51.57;65.69;3598.44;328.47;7.4;0.688;219.1;10
BP-219.1X12.5;;"Ø219,1 (8"")";12.5;Ø219,1×12,5;"Ø219,1 · 8""";63.69;81.13;4344.58;396.58;7.32;0.688;219.1;12.5
BP-273X5;;"Ø273 (10"")";5;Ø273×5;"Ø273 · 10""";33.05;42.1;3780.81;276.98;9.48;0.858;273;5
BP-273X6;;"Ø273 (10"")";6;Ø273×6;"Ø273 · 10""";39.51;50.33;4487.08;328.72;9.44;0.858;273;6
BP-273X8;;"Ø273 (10"")";8;Ø273×8;"Ø273 · 10""";52.28;66.6;5851.71;428.7;9.37;0.858;273;8
BP-273X10;;"Ø273 (10"")";10;Ø273×10;"Ø273 · 10""";64.86;82.62;7154.09;524.11;9.31;0.858;273;10
BP-273X12.5;;"Ø273 (10"")";12.5;Ø273×12,5;"Ø273 · 10""";80.3;102.3;8697.45;637.18;9.22;0.858;273;12.5
BP-323.9X5;;"Ø323,9 (12"")";5;Ø323,9×5;"Ø323,9 · 12""";39.32;50.09;6369.42;393.3;11.28;1.018;323.9;5
BP-323.9X6;;"Ø323,9 (12"")";6;Ø323,9×6;"Ø323,9 · 12""";47.04;59.92;7572.47;467.58;11.24;1.018;323.9;6
BP-323.9X8;;"Ø323,9 (12"")";8;Ø323,9×8;"Ø323,9 · 12""";62.32;79.39;9910.08;611.92;11.17;1.018;323.9;8
BP-323.9X10;;"Ø323,9 (12"")";10;Ø323,9×10;"Ø323,9 · 12""";77.41;98.61;12158.34;750.75;11.1;1.018;323.9;10
BP-323.9X12.5;;"Ø323,9 (12"")";12.5;Ø323,9×12,5;"Ø323,9 · 12""";95.99;122.29;14846.53;916.74;11.02;1.018;323.9;12.5
BP-355.6X6;;"Ø355,6 (14"")";6;Ø355,6×6;"Ø355,6 · 14""";51.73;65.9;10070.55;566.4;12.36;1.117;355.6;6
BP-355.6X8;;"Ø355,6 (14"")";8;Ø355,6×8;"Ø355,6 · 14""";68.58;87.36;13201.37;742.48;12.29;1.117;355.6;8
BP-355.6X10;;"Ø355,6 (14"")";10;Ø355,6×10;"Ø355,6 · 14""";85.23;108.57;16223.5;912.46;12.22;1.117;355.6;10
BP-355.6X12.5;;"Ø355,6 (14"")";12.5;Ø355,6×12,5;"Ø355,6 · 14""";105.77;134.74;19852.18;1116.55;12.14;1.117;355.6;12.5
BP-406.4X6;;"Ø406,4 (16"")";6;Ø406,4×6;"Ø406,4 · 16""";59.25;75.47;15128.33;744.5;14.16;1.277;406.4;6
BP-406.4X8;;"Ø406,4 (16"")";8;Ø406,4×8;"Ø406,4 · 16""";78.6;100.13;19873.89;978.05;14.09;1.277;406.4;8
BP-406.4X10;;"Ø406,4 (16"")";10;Ø406,4×10;"Ø406,4 · 16""";97.76;124.53;24475.81;1204.52;14.02;1.277;406.4;10
BP-406.4X12.5;;"Ø406,4 (16"")";12.5;Ø406,4×12,5;"Ø406,4 · 16""";121.43;154.68;30030.67;1477.89;13.93;1.277;406.4;12.5
