k;g;s;v;lbl;dim;kg;A;Ix;Iy;Wx;Wy;ix;iy;iv;ey;ex;U;d_a;d_b;d_t;d_r
L-20X20X3;E;20×20;3;L 20×20×3;20 × 20;0.88;1.12;0.39;0.39;0.28;0.28;0.59;0.59;0.38;0.6;0.6;0.08;20;20;3;3.5
L-20X20X4;E;20×20;4;L 20×20×4;20 × 20;1.14;1.45;0.49;0.49;0.36;0.36;0.58;0.58;0.38;0.64;0.64;0.08;20;20;4;3.5
L-25X25X3;E;25×25;3;L 25×25×3;25 × 25;1.12;1.42;0.8;0.8;0.45;0.45;0.75;0.75;0.48;0.72;0.72;0.1;25;25;3;3.5
L-25X25X4;E;25×25;4;L 25×25×4;25 × 25;1.45;1.85;1.02;1.02;0.59;0.59;0.74;0.74;0.48;0.76;0.76;0.1;25;25;4;3.5
L-25X25X5;E;25×25;5;L 25×25×5;25 × 25;1.78;2.26;1.21;1.21;0.71;0.71;0.73;0.73;0.48;0.8;0.8;0.1;25;25;5;3.5
L-30X30X3;E;30×30;3;L 30×30×3;30 × 30;1.36;1.74;1.4;1.4;0.65;0.65;0.9;0.9;0.58;0.84;0.84;0.12;30;30;3;5
L-30X30X4;E;30×30;4;L 30×30×4;30 × 30;1.78;2.27;1.8;1.8;0.85;0.85;0.89;0.89;0.58;0.88;0.88;0.12;30;30;4;5
L-30X30X5;E;30×30;5;L 30×30×5;30 × 30;2.18;2.78;2.16;2.16;1.04;1.04;0.88;0.88;0.57;0.92;0.92;0.12;30;30;5;5
L-35X35X4;E;35×35;4;L 35×35×4;35 × 35;2.09;2.67;2.95;2.95;1.18;1.18;1.05;1.05;0.68;1.0;1.0;0.14;35;35;4;5
L-35X35X5;E;35×35;5;L 35×35×5;35 × 35;2.57;3.28;3.56;3.56;1.45;1.45;1.04;1.04;0.67;1.04;1.04;0.14;35;35;5;5
L-40X40X4;E;40×40;4;L 40×40×4;40 × 40;2.42;3.08;4.47;4.47;1.55;1.55;1.21;1.21;0.78;1.12;1.12;0.16;40;40;4;6
L-40X40X5;E;40×40;5;L 40×40×5;40 × 40;2.97;3.79;5.43;5.43;1.91;1.91;1.2;1.2;0.77;1.16;1.16;0.16;40;40;5;6
L-40X40X6;E;40×40;6;L 40×40×6;40 × 40;3.52;4.48;6.31;6.31;2.26;2.26;1.19;1.19;0.77;1.2;1.2;0.16;40;40;6;6
L-45X45X5;E;45×45;5;L 45×45×5;45 × 45;3.38;4.3;7.84;7.84;2.43;2.43;1.35;1.35;0.87;1.28;1.28;0.18;45;45;5;7
L-45X45X6;E;45×45;6;L 45×45×6;45 × 45;4.0;5.09;9.16;9.16;2.88;2.88;1.34;1.34;0.87;1.32;1.32;0.18;45;45;6;7
L-50X50X4;E;50×50;4;L 50×50×4;50 × 50;3.06;3.89;8.97;8.97;2.46;2.46;1.52;1.52;0.98;1.36;1.36;0.2;50;50;4;7
L-50X50X5;E;50×50;5;L 50×50×5;50 × 50;3.77;4.8;10.96;10.96;3.05;3.05;1.51;1.51;0.97;1.4;1.4;0.2;50;50;5;7
L-50X50X6;E;50×50;6;L 50×50×6;50 × 50;4.47;5.69;12.84;12.84;3.61;3.61;1.5;1.5;0.97;1.45;1.45;0.2;50;50;6;7
L-60X60X5;E;60×60;5;L 60×60×5;60 × 60;4.57;5.82;19.36;19.36;4.44;4.44;1.82;1.82;1.17;1.64;1.64;0.24;60;60;5;8
L-60X60X6;E;60×60;6;L 60×60×6;60 × 60;5.42;6.91;22.79;22.79;5.28;5.28;1.82;1.82;1.17;1.69;1.69;0.24;60;60;6;8
L-60X60X8;E;60×60;8;L 60×60×8;60 × 60;7.09;9.03;29.15;29.15;6.89;6.89;1.8;1.8;1.16;1.77;1.77;0.24;60;60;8;8
L-65X65X7;E;65×65;7;L 65×65×7;65 × 65;6.83;8.7;33.42;33.42;7.18;7.18;1.96;1.96;1.26;1.85;1.85;0.26;65;65;7;9
L-70X70X6;E;70×70;6;L 70×70×6;70 × 70;6.38;8.13;36.87;36.87;7.27;7.27;2.13;2.13;1.37;1.93;1.93;0.28;70;70;6;9
L-70X70X7;E;70×70;7;L 70×70×7;70 × 70;7.38;9.4;42.29;42.29;8.41;8.41;2.12;2.12;1.36;1.97;1.97;0.28;70;70;7;9
L-75X75X6;E;75×75;6;L 75×75×6;75 × 75;6.87;8.75;45.55;45.55;8.35;8.35;2.28;2.28;1.47;2.04;2.04;0.3;75;75;6;10
L-75X75X8;E;75×75;8;L 75×75×8;75 × 75;9.0;11.47;58.86;58.86;10.96;10.96;2.27;2.27;1.46;2.13;2.13;0.3;75;75;8;10
L-80X80X8;E;80×80;8;L 80×80×8;80 × 80;9.63;12.27;72.23;72.23;12.57;12.57;2.43;2.43;1.56;2.25;2.25;0.32;80;80;8;10
L-80X80X10;E;80×80;10;L 80×80×10;80 × 80;11.86;15.11;87.49;87.49;15.45;15.45;2.41;2.41;1.55;2.34;2.34;0.32;80;80;10;10
L-90X90X7;E;90×90;7;L 90×90×7;90 × 90;9.61;12.24;92.52;92.52;14.13;14.13;2.75;2.75;1.77;2.45;2.45;0.36;90;90;7;11
L-90X90X8;E;90×90;8;L 90×90×8;90 × 90;10.9;13.89;104.35;104.35;16.05;16.05;2.74;2.74;1.76;2.5;2.5;0.36;90;90;8;11
L-90X90X9;E;90×90;9;L 90×90×9;90 × 90;12.18;15.52;115.81;115.81;17.92;17.92;2.73;2.73;1.76;2.54;2.54;0.36;90;90;9;11
L-90X90X10;E;90×90;10;L 90×90×10;90 × 90;13.45;17.13;126.89;126.89;19.76;19.76;2.72;2.72;1.75;2.58;2.58;0.36;90;90;10;11
L-100X100X8;E;100×100;8;L 100×100×8;100 × 100;12.18;15.51;144.8;144.8;19.94;19.94;3.06;3.06;1.96;2.74;2.74;0.4;100;100;8;12
L-100X100X10;E;100×100;10;L 100×100×10;100 × 100;15.04;19.15;176.64;176.64;24.61;24.61;3.04;3.04;1.95;2.82;2.82;0.4;100;100;10;12
L-100X100X12;E;100×100;12;L 100×100×12;100 × 100;17.83;22.71;206.65;206.65;29.12;29.12;3.02;3.02;1.94;2.9;2.9;0.4;100;100;12;12
L-120X120X10;E;120×120;10;L 120×120×10;120 × 120;18.2;23.18;312.87;312.87;36.02;36.02;3.67;3.67;2.36;3.31;3.31;0.48;120;120;10;13
L-120X120X12;E;120×120;12;L 120×120×12;120 × 120;21.62;27.54;367.6;367.6;42.73;42.73;3.65;3.65;2.35;3.4;3.4;0.48;120;120;12;13
L-130X130X12;E;130×130;12;L 130×130×12;130 × 130;23.53;29.97;472.08;472.08;50.43;50.43;3.97;3.97;2.55;3.64;3.64;0.52;130;130;12;14
L-150X150X10;E;150×150;10;L 150×150×10;150 × 150;22.98;29.27;623.87;623.87;56.89;56.89;4.62;4.62;2.97;4.03;4.03;0.6;150;150;10;16
L-150X150X12;E;150×150;12;L 150×150×12;150 × 150;27.34;34.83;736.75;736.75;67.73;67.73;4.6;4.6;2.95;4.12;4.12;0.6;150;150;12;16
L-150X150X15;E;150×150;15;L 150×150×15;150 × 150;33.77;43.02;897.89;897.89;83.5;83.5;4.57;4.57;2.93;4.25;4.25;0.6;150;150;15;16
L-160X160X15;E;160×160;15;L 160×160×15;160 × 160;36.16;46.06;1098.62;1098.62;95.45;95.45;4.88;4.88;3.13;4.49;4.49;0.64;160;160;15;17
L-180X180X16;E;180×180;16;L 180×180×16;180 × 180;43.48;55.39;1682.13;1682.13;129.63;129.63;5.51;5.51;3.53;5.02;5.02;0.72;180;180;16;18
L-180X180X18;E;180×180;18;L 180×180×18;180 × 180;48.6;61.91;1865.31;1865.31;144.64;144.64;5.49;5.49;3.52;5.1;5.1;0.72;180;180;18;18
L-200X200X16;E;200×200;16;L 200×200×16;200 × 200;48.5;61.79;2340.98;2340.98;161.7;161.7;6.16;6.16;3.94;5.52;5.52;0.8;200;200;16;18
L-200X200X18;E;200×200;18;L 200×200×18;200 × 200;54.25;69.11;2599.37;2599.37;180.56;180.56;6.13;6.13;3.93;5.6;5.6;0.8;200;200;18;18
L-200X200X20;E;200×200;20;L 200×200×20;200 × 200;59.93;76.35;2850.22;2850.22;199.08;199.08;6.11;6.11;3.92;5.68;5.68;0.8;200;200;20;18
L-200X200X24;E;200×200;24;L 200×200×24;200 × 200;71.11;90.59;3330.31;3330.31;235.15;235.15;6.06;6.06;3.9;5.84;5.84;0.8;200;200;24;18
L-30X20X3;N;30×20;3;L 30×20×3;30 × 20;1.12;1.42;1.26;0.44;0.63;0.3;0.94;0.56;0.43;1.0;0.51;0.1;30;20;3;3.1
L-30X20X4;N;30×20;4;L 30×20×4;30 × 20;1.45;1.85;1.6;0.56;0.81;0.38;0.93;0.55;0.42;1.04;0.54;0.1;30;20;4;3.1
L-40X20X3;N;40×20;3;L 40×20×3;40 × 20;1.35;1.72;2.81;0.48;1.09;0.31;1.28;0.53;0.42;1.43;0.44;0.12;40;20;3;3.1
L-40X20X4;N;40×20;4;L 40×20×4;40 × 20;1.77;2.25;3.6;0.6;1.43;0.4;1.27;0.52;0.42;1.47;0.48;0.12;40;20;4;3.1
L-40X25X4;N;40×25;4;L 40×25×4;40 × 25;1.92;2.45;3.91;1.17;1.48;0.63;1.26;0.69;0.54;1.37;0.63;0.13;40;25;4;3.1
L-45X30X4;N;45×30;4;L 45×30×4;45 × 30;2.25;2.86;5.75;2.04;1.9;0.9;1.42;0.84;0.64;1.48;0.74;0.15;45;30;4;4.5
L-45X30X5;N;45×30;5;L 45×30×5;45 × 30;2.76;3.52;6.97;2.45;2.34;1.1;1.41;0.83;0.64;1.52;0.78;0.15;45;30;5;4.5
L-50X30X5;N;50×30;5;L 50×30×5;50 × 30;2.96;3.77;9.38;2.53;2.87;1.12;1.58;0.82;0.64;1.73;0.74;0.16;50;30;5;4.5
L-60X30X5;N;60×30;5;L 60×30×5;60 × 30;3.35;4.27;15.62;2.64;4.08;1.14;1.91;0.79;0.63;2.17;0.69;0.18;60;30;5;4.5
L-60X30X6;N;60×30;6;L 60×30×6;60 × 30;3.97;5.06;18.26;3.06;4.82;1.34;1.9;0.78;0.63;2.21;0.72;0.18;60;30;6;4.5
L-60X40X5;N;60×40;5;L 60×40×5;60 × 40;3.75;4.78;17.22;6.14;4.26;2.03;1.9;1.13;0.86;1.96;0.97;0.2;60;40;5;5.4
L-60X40X6;N;60×40;6;L 60×40×6;60 × 40;4.45;5.67;20.18;7.15;5.05;2.39;1.89;1.12;0.86;2.0;1.01;0.2;60;40;6;5.4
L-60X40X7;N;60×40;7;L 60×40×7;60 × 40;5.13;6.54;22.99;8.1;5.81;2.75;1.87;1.11;0.85;2.04;1.05;0.2;60;40;7;5.4
L-65X50X5;N;65×50;5;L 65×50×5;65 × 50;4.35;5.54;23.14;11.9;5.13;3.18;2.04;1.47;1.07;1.99;1.25;0.23;65;50;5;6.3
L-65X50X7;N;65×50;7;L 65×50×7;65 × 50;5.97;7.6;31.06;15.88;7.02;4.33;2.02;1.45;1.06;2.07;1.33;0.23;65;50;7;6.3
L-70X50X6;N;70×50;6;L 70×50×6;70 × 50;5.4;6.88;33.49;14.24;7.03;3.8;2.21;1.44;1.07;2.24;1.25;0.24;70;50;6;6.3
L-75X50X6;N;75×50;6;L 75×50×6;75 × 50;5.64;7.18;40.62;14.51;8.03;3.83;2.38;1.42;1.08;2.44;1.21;0.25;75;50;6;6.3
L-75X50X7;N;75×50;7;L 75×50×7;75 × 50;6.52;8.3;46.49;16.53;9.27;4.41;2.37;1.41;1.08;2.49;1.25;0.25;75;50;7;6.3
L-75X50X8;N;75×50;8;L 75×50×8;75 × 50;7.38;9.4;52.11;18.44;10.48;4.97;2.35;1.4;1.07;2.53;1.29;0.25;75;50;8;6.3
L-80X40X6;N;80×40;6;L 80×40×6;80 × 40;5.39;6.87;45.06;7.69;8.78;2.47;2.56;1.06;0.85;2.87;0.89;0.24;80;40;6;5.4
L-80X40X8;N;80×40;8;L 80×40×8;80 × 40;7.06;8.99;57.76;9.7;11.44;3.2;2.53;1.04;0.84;2.95;0.97;0.24;80;40;8;5.4
L-80X60X7;N;80×60;7;L 80×60×7;80 × 60;7.35;9.37;59.14;28.49;10.78;6.37;2.51;1.74;1.28;2.52;1.53;0.28;80;60;7;7.2
L-80X60X8;N;80×60;8;L 80×60×8;80 × 60;8.33;10.62;66.42;31.9;12.2;7.19;2.5;1.73;1.28;2.56;1.57;0.28;80;60;8;7.2
L-100X50X6;N;100×50;6;L 100×50×6;100 × 50;6.82;8.68;90.18;15.58;13.93;3.95;3.22;1.34;1.07;3.53;1.05;0.3;100;50;6;6.3
L-100X50X8;N;100×50;8;L 100×50×8;100 × 50;8.95;11.4;116.5;19.85;18.24;5.13;3.2;1.32;1.06;3.61;1.13;0.3;100;50;8;6.3
L-100X50X10;N;100×50;10;L 100×50×10;100 × 50;11.02;14.04;141.09;23.73;22.37;6.26;3.17;1.3;1.06;3.69;1.21;0.3;100;50;10;6.3
L-100X65X7;N;100×65;7;L 100×65×7;100 × 65;8.74;11.13;113.05;38.0;16.75;7.63;3.19;1.85;1.41;3.25;1.52;0.33;100;65;7;8.1
L-100X65X8;N;100×65;8;L 100×65×8;100 × 65;9.91;12.63;127.35;42.64;18.99;8.64;3.18;1.84;1.41;3.29;1.56;0.33;100;65;8;8.1
L-100X65X10;N;100×65;10;L 100×65×10;100 × 65;12.22;15.57;154.61;51.39;23.33;10.57;3.15;1.82;1.4;3.37;1.64;0.33;100;65;10;8.1
L-100X75X8;N;100×75;8;L 100×75×8;100 × 75;10.56;13.45;133.39;64.36;19.37;11.45;3.15;2.19;1.61;3.11;1.88;0.35;100;75;8;9.0
L-100X75X10;N;100×75;10;L 100×75×10;100 × 75;13.02;16.59;162.16;77.88;23.83;14.05;3.13;2.17;1.6;3.19;1.96;0.35;100;75;10;9.0
L-100X75X12;N;100×75;12;L 100×75×12;100 × 75;15.42;19.65;189.19;90.44;28.12;16.55;3.1;2.15;1.59;3.27;2.03;0.35;100;75;12;9.0
L-120X80X8;N;120×80;8;L 120×80×8;120 × 80;12.13;15.45;226.58;81.49;27.81;13.31;3.83;2.3;1.74;3.85;1.88;0.4;120;80;8;9.0
L-120X80X10;N;120×80;10;L 120×80×10;120 × 80;14.98;19.09;276.47;98.83;34.29;16.35;3.81;2.28;1.73;3.94;1.96;0.4;120;80;10;9.0
L-120X80X12;N;120×80;12;L 120×80×12;120 × 80;17.78;22.65;323.77;115.04;40.56;19.28;3.78;2.25;1.72;4.02;2.03;0.4;120;80;12;9.0
L-125X75X8;N;125×75;8;L 125×75×8;125 × 75;12.13;15.45;248.19;68.27;29.76;11.75;4.01;2.1;1.63;4.16;1.69;0.4;125;75;8;9.0
L-125X75X10;N;125×75;10;L 125×75×10;125 × 75;14.98;19.09;302.92;82.7;36.69;14.42;3.98;2.08;1.62;4.24;1.77;0.4;125;75;10;9.0
L-125X75X12;N;125×75;12;L 125×75×12;125 × 75;17.78;22.65;354.88;96.15;43.41;17.0;3.96;2.06;1.61;4.32;1.84;0.4;125;75;12;9.0
L-150X75X9;N;150×75;9;L 150×75×9;150 × 75;15.33;19.53;456.73;79.02;47.07;13.35;4.84;2.01;1.61;5.3;1.58;0.45;150;75;9;9.0
L-150X75X10;N;150×75;10;L 150×75×10;150 × 75;16.95;21.59;502.15;86.46;51.98;14.7;4.82;2.0;1.61;5.34;1.62;0.45;150;75;10;9.0
L-150X75X12;N;150×75;12;L 150×75×12;150 × 75;20.13;25.65;589.97;100.61;61.6;17.34;4.8;1.98;1.6;5.42;1.7;0.45;150;75;12;9.0
L-150X75X15;N;150×75;15;L 150×75×15;150 × 75;24.8;31.59;714.47;120.25;75.55;21.15;4.76;1.95;1.58;5.54;1.81;0.45;150;75;15;9.0
L-150X90X10;N;150×90;10;L 150×90×10;150 × 90;18.14;23.1;534.58;147.17;53.55;21.16;4.81;2.52;1.96;5.02;2.04;0.48;150;90;10;9.9
L-150X90X12;N;150×90;12;L 150×90×12;150 × 90;21.56;27.46;628.76;171.94;63.51;25.0;4.78;2.5;1.95;5.1;2.12;0.48;150;90;12;9.9
L-150X90X15;N;150×90;15;L 150×90×15;150 × 90;26.58;33.85;762.57;206.51;77.96;30.54;4.75;2.47;1.93;5.22;2.24;0.48;150;90;15;9.9
L-150X100X10;N;150×100;10;L 150×100×10;150 × 100;18.94;24.12;553.54;199.24;54.38;26.04;4.79;2.87;2.18;4.82;2.35;0.5;150;100;10;10.8
L-150X100X12;N;150×100;12;L 150×100×12;150 × 100;22.52;28.68;651.49;233.33;64.53;30.81;4.77;2.85;2.17;4.9;2.43;0.5;150;100;12;10.8
L-200X100X10;N;200×100;10;L 200×100×10;200 × 100;22.86;29.12;1223.14;213.79;93.99;26.83;6.48;2.71;2.17;6.99;2.03;0.6;200;100;10;10.8
L-200X100X12;N;200×100;12;L 200×100×12;200 × 100;27.23;34.68;1444.67;250.61;111.77;31.77;6.45;2.69;2.15;7.07;2.11;0.6;200;100;12;10.8
L-200X100X15;N;200×100;15;L 200×100×15;200 × 100;33.66;42.87;1763.2;302.4;137.74;38.91;6.41;2.66;2.13;7.2;2.23;0.6;200;100;15;10.8
L-200X150X12;N;200×150;12;L 200×150×12;200 × 150;32.01;40.78;1653.24;804.04;118.83;70.62;6.37;4.44;3.25;6.09;3.62;0.7;200;150;12;14.4
L-200X150X15;N;200×150;15;L 200×150×15;200 × 150;39.62;50.47;2023.48;980.44;146.78;87.04;6.33;4.41;3.23;6.21;3.74;0.7;200;150;15;14.4
