k;g;s;v;lbl;dim;kg;A;Ix;Iy;Wx;Wy;ix;iy;U;d_H;d_B;d_t;d_ro;d_ri
KP-15X15X1.2;K;15×15;1.2;15×15×1,2;15 × 15;0.49;0.63;0.19;0.19;0.26;0.26;0.55;0.55;0.056;15;15;1.2;2.4;1.2
KP-15X15X1.5;K;15×15;1.5;15×15×1,5;15 × 15;0.59;0.75;0.22;0.22;0.29;0.29;0.54;0.54;0.055;15;15;1.5;3.0;1.5
KP-15X15X2;K;15×15;2;15×15×2;15 × 15;0.74;0.94;0.25;0.25;0.33;0.33;0.51;0.51;0.053;15;15;2;4;2
KP-20X20X1.2;K;20×20;1.2;20×20×1,2;20 × 20;0.68;0.87;0.5;0.5;0.5;0.5;0.76;0.76;0.076;20;20;1.2;2.4;1.2
KP-20X20X1.5;K;20×20;1.5;20×20×1,5;20 × 20;0.83;1.05;0.58;0.58;0.58;0.58;0.74;0.74;0.075;20;20;1.5;3.0;1.5
KP-20X20X2;K;20×20;2;20×20×2;20 × 20;1.05;1.34;0.69;0.69;0.69;0.69;0.72;0.72;0.073;20;20;2;4;2
KP-25X25X1.2;K;25×25;1.2;25×25×1,2;25 × 25;0.87;1.11;1.03;1.03;0.82;0.82;0.96;0.96;0.096;25;25;1.2;2.4;1.2
KP-25X25X1.5;K;25×25;1.5;25×25×1,5;25 × 25;1.06;1.35;1.22;1.22;0.97;0.97;0.95;0.95;0.095;25;25;1.5;3.0;1.5
KP-25X25X2;K;25×25;2;25×25×2;25 × 25;1.36;1.74;1.48;1.48;1.19;1.19;0.92;0.92;0.093;25;25;2;4;2
KP-25X25X2.5;K;25×25;2.5;25×25×2,5;25 × 25;1.64;2.09;1.69;1.69;1.35;1.35;0.9;0.9;0.091;25;25;2.5;5.0;2.5
KP-25X25X3;K;25×25;3;25×25×3;25 × 25;1.89;2.41;1.84;1.84;1.47;1.47;0.87;0.87;0.09;25;25;3;6;3
KP-30X30X1.2;K;30×30;1.2;30×30×1,2;30 × 30;1.06;1.35;1.83;1.83;1.22;1.22;1.17;1.17;0.116;30;30;1.2;2.4;1.2
KP-30X30X1.5;K;30×30;1.5;30×30×1,5;30 × 30;1.3;1.65;2.2;2.2;1.46;1.46;1.15;1.15;0.115;30;30;1.5;3.0;1.5
KP-30X30X2;K;30×30;2;30×30×2;30 × 30;1.68;2.14;2.72;2.72;1.81;1.81;1.13;1.13;0.113;30;30;2;4;2
KP-30X30X2.5;K;30×30;2.5;30×30×2,5;30 × 30;2.03;2.59;3.16;3.16;2.1;2.1;1.1;1.1;0.111;30;30;2.5;5.0;2.5
KP-30X30X3;K;30×30;3;30×30×3;30 × 30;2.36;3.01;3.5;3.5;2.34;2.34;1.08;1.08;0.11;30;30;3;6;3
KP-35X35X1.5;K;35×35;1.5;35×35×1,5;35 × 35;1.53;1.95;3.6;3.6;2.05;2.05;1.36;1.36;0.135;35;35;1.5;3.0;1.5
KP-35X35X2;K;35×35;2;35×35×2;35 × 35;1.99;2.54;4.51;4.51;2.58;2.58;1.33;1.33;0.133;35;35;2;4;2
KP-35X35X2.5;K;35×35;2.5;35×35×2,5;35 × 35;2.42;3.09;5.29;5.29;3.02;3.02;1.31;1.31;0.131;35;35;2.5;5.0;2.5
KP-35X35X3;K;35×35;3;35×35×3;35 × 35;2.83;3.61;5.95;5.95;3.4;3.4;1.28;1.28;0.13;35;35;3;6;3
KP-35X35X4;K;35×35;4;35×35×4;35 × 35;3.57;4.55;6.93;6.93;3.96;3.96;1.23;1.23;0.126;35;35;4;8;4
KP-40X40X1.5;K;40×40;1.5;40×40×1,5;40 × 40;1.77;2.25;5.49;5.49;2.74;2.74;1.56;1.56;0.155;40;40;1.5;3.0;1.5
KP-40X40X2;K;40×40;2;40×40×2;40 × 40;2.31;2.94;6.94;6.94;3.47;3.47;1.54;1.54;0.153;40;40;2;4;2
KP-40X40X2.5;K;40×40;2.5;40×40×2,5;40 × 40;2.82;3.59;8.21;8.21;4.11;4.11;1.51;1.51;0.151;40;40;2.5;5.0;2.5
KP-40X40X3;K;40×40;3;40×40×3;40 × 40;3.3;4.21;9.32;9.32;4.66;4.66;1.49;1.49;0.15;40;40;3;6;3
KP-40X40X4;K;40×40;4;40×40×4;40 × 40;4.2;5.35;11.07;11.07;5.54;5.54;1.44;1.44;0.146;40;40;4;8;4
KP-45X45X1.5;K;45×45;1.5;45×45×1,5;45 × 45;2.0;2.55;7.95;7.95;3.54;3.54;1.77;1.77;0.175;45;45;1.5;3.0;1.5
KP-45X45X2;K;45×45;2;45×45×2;45 × 45;2.62;3.34;10.12;10.12;4.5;4.5;1.74;1.74;0.173;45;45;2;4;2
KP-45X45X2.5;K;45×45;2.5;45×45×2,5;45 × 45;3.21;4.09;12.06;12.06;5.36;5.36;1.72;1.72;0.171;45;45;2.5;5.0;2.5
KP-45X45X3;K;45×45;3;45×45×3;45 × 45;3.77;4.81;13.78;13.78;6.12;6.12;1.69;1.69;0.17;45;45;3;6;3
KP-45X45X4;K;45×45;4;45×45×4;45 × 45;4.83;6.15;16.61;16.61;7.38;7.38;1.64;1.64;0.166;45;45;4;8;4
KP-50X50X1.5;K;50×50;1.5;50×50×1,5;50 × 50;2.24;2.85;11.07;11.07;4.43;4.43;1.97;1.97;0.195;50;50;1.5;3.0;1.5
KP-50X50X2;K;50×50;2;50×50×2;50 × 50;2.93;3.74;14.15;14.15;5.66;5.66;1.95;1.95;0.193;50;50;2;4;2
KP-50X50X2.5;K;50×50;2.5;50×50×2,5;50 × 50;3.6;4.59;16.94;16.94;6.78;6.78;1.92;1.92;0.191;50;50;2.5;5.0;2.5
KP-50X50X3;K;50×50;3;50×50×3;50 × 50;4.25;5.41;19.47;19.47;7.79;7.79;1.9;1.9;0.19;50;50;3;6;3
KP-50X50X4;K;50×50;4;50×50×4;50 × 50;5.45;6.95;23.73;23.73;9.49;9.49;1.85;1.85;0.186;50;50;4;8;4
KP-60X60X2;K;60×60;2;60×60×2;60 × 60;3.56;4.54;25.14;25.14;8.38;8.38;2.35;2.35;0.233;60;60;2;4;2
KP-60X60X2.5;K;60×60;2.5;60×60×2,5;60 × 60;4.39;5.59;30.34;30.34;10.11;10.11;2.33;2.33;0.231;60;60;2.5;5.0;2.5
KP-60X60X3;K;60×60;3;60×60×3;60 × 60;5.19;6.61;35.13;35.13;11.71;11.71;2.31;2.31;0.23;60;60;3;6;3
KP-60X60X4;K;60×60;4;60×60×4;60 × 60;6.71;8.55;43.55;43.55;14.52;14.52;2.26;2.26;0.226;60;60;4;8;4
KP-60X60X5;K;60×60;5;60×60×5;60 × 60;8.13;10.36;50.49;50.49;16.83;16.83;2.21;2.21;0.223;60;60;5;10;5
KP-70X70X2;K;70×70;2;70×70×2;70 × 70;4.19;5.34;40.72;40.72;11.64;11.64;2.76;2.76;0.273;70;70;2;4;2
KP-70X70X2.5;K;70×70;2.5;70×70×2,5;70 × 70;5.17;6.59;49.41;49.41;14.12;14.12;2.74;2.74;0.271;70;70;2.5;5.0;2.5
KP-70X70X3;K;70×70;3;70×70×3;70 × 70;6.13;7.81;57.52;57.52;16.44;16.44;2.71;2.71;0.27;70;70;3;6;3
KP-70X70X4;K;70×70;4;70×70×4;70 × 70;7.97;10.15;72.12;72.12;20.6;20.6;2.67;2.67;0.266;70;70;4;8;4
KP-70X70X5;K;70×70;5;70×70×5;70 × 70;9.7;12.36;84.62;84.62;24.18;24.18;2.62;2.62;0.263;70;70;5;10;5
KP-80X80X2;K;80×80;2;80×80×2;80 × 80;4.82;6.14;61.7;61.7;15.42;15.42;3.17;3.17;0.313;80;80;2;4;2
KP-80X80X2.5;K;80×80;2.5;80×80×2,5;80 × 80;5.96;7.59;75.15;75.15;18.79;18.79;3.15;3.15;0.311;80;80;2.5;5.0;2.5
KP-80X80X3;K;80×80;3;80×80×3;80 × 80;7.07;9.01;87.84;87.84;21.96;21.96;3.12;3.12;0.31;80;80;3;6;3
KP-80X80X4;K;80×80;4;80×80×4;80 × 80;9.22;11.75;111.04;111.04;27.76;27.76;3.07;3.07;0.306;80;80;4;8;4
KP-80X80X5;K;80×80;5;80×80×5;80 × 80;11.27;14.36;131.43;131.43;32.86;32.86;3.03;3.03;0.303;80;80;5;10;5
KP-90X90X2;K;90×90;2;90×90×2;90 × 90;5.45;6.94;88.86;88.86;19.75;19.75;3.58;3.58;0.353;90;90;2;4;2
KP-90X90X2.5;K;90×90;2.5;90×90×2,5;90 × 90;6.74;8.59;108.55;108.55;24.12;24.12;3.56;3.56;0.351;90;90;2.5;5.0;2.5
KP-90X90X3;K;90×90;3;90×90×3;90 × 90;8.01;10.21;127.28;127.28;28.28;28.28;3.53;3.53;0.35;90;90;3;6;3
KP-90X90X4;K;90×90;4;90×90×4;90 × 90;10.48;13.35;161.91;161.91;35.98;35.98;3.48;3.48;0.346;90;90;4;8;4
KP-90X90X5;K;90×90;5;90×90×5;90 × 90;12.84;16.36;192.92;192.92;42.87;42.87;3.43;3.43;0.343;90;90;5;10;5
KP-90X90X6;K;90×90;6;90×90×6;90 × 90;15.1;19.23;220.46;220.46;48.99;48.99;3.39;3.39;0.339;90;90;6;12;6
KP-100X100X2;K;100×100;2;100×100×2;100 × 100;6.07;7.74;123.01;123.01;24.6;24.6;3.99;3.99;0.393;100;100;2;4;2
KP-100X100X2.5;K;100×100;2.5;100×100×2,5;100 × 100;7.53;9.59;150.63;150.63;30.13;30.13;3.96;3.96;0.391;100;100;2.5;5.0;2.5
KP-100X100X3;K;100×100;3;100×100×3;100 × 100;8.96;11.41;177.04;177.04;35.41;35.41;3.94;3.94;0.39;100;100;3;6;3
KP-100X100X4;K;100×100;4;100×100×4;100 × 100;11.73;14.95;226.34;226.34;45.27;45.27;3.89;3.89;0.386;100;100;4;8;4
KP-100X100X5;K;100×100;5;100×100×5;100 × 100;14.41;18.36;271.09;271.09;54.22;54.22;3.84;3.84;0.383;100;100;5;10;5
KP-100X100X6;K;100×100;6;100×100×6;100 × 100;16.98;21.63;311.45;311.45;62.29;62.29;3.79;3.79;0.379;100;100;6;12;6
KP-120X120X3;K;120×120;3;120×120×3;120 × 120;10.84;13.81;312.34;312.34;52.06;52.06;4.76;4.76;0.47;120;120;3;6;3
KP-120X120X4;K;120×120;4;120×120×4;120 × 120;14.25;18.15;402.26;402.26;67.04;67.04;4.71;4.71;0.466;120;120;4;8;4
KP-120X120X5;K;120×120;5;120×120×5;120 × 120;17.55;22.36;485.45;485.45;80.91;80.91;4.66;4.66;0.463;120;120;5;10;5
KP-120X120X6;K;120×120;6;120×120×6;120 × 120;20.75;26.43;562.13;562.13;93.69;93.69;4.61;4.61;0.459;120;120;6;12;6
KP-120X120X8;K;120×120;8;120×120×8;120 × 120;26.41;33.64;676.81;676.81;112.8;112.8;4.49;4.49;0.446;120;120;8;20.0;12.0
KP-140X140X3;K;140×140;3;140×140×3;140 × 140;12.72;16.21;503.33;503.33;71.9;71.9;5.57;5.57;0.55;140;140;3;6;3
KP-140X140X4;K;140×140;4;140×140×4;140 × 140;16.76;21.35;651.6;651.6;93.09;93.09;5.52;5.52;0.546;140;140;4;8;4
KP-140X140X5;K;140×140;5;140×140×5;140 × 140;20.69;26.36;790.53;790.53;112.93;112.93;5.48;5.48;0.543;140;140;5;10;5
KP-140X140X6;K;140×140;6;140×140×6;140 × 140;24.52;31.23;920.39;920.39;131.48;131.48;5.43;5.43;0.539;140;140;6;12;6
KP-140X140X8;K;140×140;8;140×140×8;140 × 140;31.43;40.04;1126.68;1126.68;160.95;160.95;5.3;5.3;0.526;140;140;8;20.0;12.0
KP-150X150X3;K;150×150;3;150×150×3;150 × 150;13.67;17.41;622.72;622.72;83.03;83.03;5.98;5.98;0.59;150;150;3;6;3
KP-150X150X4;K;150×150;4;150×150×4;150 × 150;18.01;22.95;807.8;807.8;107.71;107.71;5.93;5.93;0.586;150;150;4;8;4
KP-150X150X5;K;150×150;5;150×150×5;150 × 150;22.26;28.36;982.09;982.09;130.94;130.94;5.89;5.89;0.583;150;150;5;10;5
KP-150X150X6;K;150×150;6;150×150×6;150 × 150;26.4;33.63;1145.86;1145.86;152.78;152.78;5.84;5.84;0.579;150;150;6;12;6
KP-150X150X8;K;150×150;8;150×150×8;150 × 150;33.94;43.24;1411.73;1411.73;188.23;188.23;5.71;5.71;0.566;150;150;8;20.0;12.0
KP-160X160X4;K;160×160;4;160×160×4;160 × 160;19.27;24.55;987.15;987.15;123.39;123.39;6.34;6.34;0.626;160;160;4;8;4
KP-160X160X5;K;160×160;5;160×160×5;160 × 160;23.83;30.36;1202.32;1202.32;150.29;150.29;6.29;6.29;0.623;160;160;5;10;5
KP-160X160X6;K;160×160;6;160×160×6;160 × 160;28.29;36.03;1405.43;1405.43;175.68;175.68;6.25;6.25;0.619;160;160;6;12;6
KP-160X160X8;K;160×160;8;160×160×8;160 × 160;36.46;46.44;1741.12;1741.12;217.64;217.64;6.12;6.12;0.606;160;160;8;20.0;12.0
KP-160X160X10;K;160×160;10;160×160×10;160 × 160;44.4;56.56;2047.49;2047.49;255.94;255.94;6.02;6.02;0.597;160;160;10;25.0;15.0
KP-180X180X4;K;180×180;4;180×180×4;180 × 180;21.78;27.75;1421.71;1421.71;157.97;157.97;7.16;7.16;0.706;180;180;4;8;4
KP-180X180X5;K;180×180;5;180×180×5;180 × 180;26.97;34.36;1736.82;1736.82;192.98;192.98;7.11;7.11;0.703;180;180;5;10;5
KP-180X180X6;K;180×180;6;180×180×6;180 × 180;32.05;40.83;2036.46;2036.46;226.27;226.27;7.06;7.06;0.699;180;180;6;12;6
KP-180X180X8;K;180×180;8;180×180×8;180 × 180;41.48;52.84;2545.71;2545.71;282.86;282.86;6.94;6.94;0.686;180;180;8;20.0;12.0
KP-180X180X10;K;180×180;10;180×180×10;180 × 180;50.68;64.56;3016.57;3016.57;335.17;335.17;6.84;6.84;0.677;180;180;10;25.0;15.0
KP-200X200X4;K;200×200;4;200×200×4;200 × 200;24.29;30.95;1968.09;1968.09;196.81;196.81;7.97;7.97;0.786;200;200;4;8;4
KP-200X200X5;K;200×200;5;200×200×5;200 × 200;30.11;38.36;2410.03;2410.03;241.0;241.0;7.93;7.93;0.783;200;200;5;10;5
KP-200X200X6;K;200×200;6;200×200×6;200 × 200;35.82;45.63;2832.67;2832.67;283.27;283.27;7.88;7.88;0.779;200;200;6;12;6
KP-200X200X8;K;200×200;8;200×200×8;200 × 200;46.5;59.24;3566.06;3566.06;356.61;356.61;7.76;7.76;0.766;200;200;8;20.0;12.0
KP-200X200X10;K;200×200;10;200×200×10;200 × 200;56.96;72.56;4250.77;4250.77;425.08;425.08;7.65;7.65;0.757;200;200;10;25.0;15.0
KP-220X220X5;K;220×220;5;220×220×5;220 × 220;33.25;42.36;3237.95;3237.95;294.36;294.36;8.74;8.74;0.863;220;220;5;10;5
KP-220X220X6;K;220×220;6;220×220×6;220 × 220;39.59;50.43;3813.26;3813.26;346.66;346.66;8.7;8.7;0.859;220;220;6;12;6
KP-220X220X8;K;220×220;8;220×220×8;220 × 220;51.53;65.64;4827.78;4827.78;438.89;438.89;8.58;8.58;0.846;220;220;8;20.0;12.0
KP-220X220X10;K;220×220;10;220×220×10;220 × 220;63.24;80.56;5782.1;5782.1;525.65;525.65;8.47;8.47;0.837;220;220;10;25.0;15.0
KP-220X220X12.5;K;220×220;12.5;220×220×12,5;220 × 220;76.17;97.04;6673.31;6673.31;606.66;606.66;8.29;8.29;0.816;220;220;12.5;37.5;25.0
KP-250X250X5;K;250×250;5;250×250×5;250 × 250;37.96;48.36;4804.92;4804.92;384.39;384.39;9.97;9.97;0.983;250;250;5;10;5
KP-250X250X6;K;250×250;6;250×250×6;250 × 250;45.24;57.63;5671.87;5671.87;453.75;453.75;9.92;9.92;0.979;250;250;6;12;6
KP-250X250X8;K;250×250;8;250×250×8;250 × 250;59.06;75.24;7228.9;7228.9;578.31;578.31;9.8;9.8;0.966;250;250;8;20.0;12.0
KP-250X250X10;K;250×250;10;250×250×10;250 × 250;72.66;92.56;8706.21;8706.21;696.5;696.5;9.7;9.7;0.957;250;250;10;25.0;15.0
KP-250X250X12.5;K;250×250;12.5;250×250×12,5;250 × 250;87.95;112.04;10160.43;10160.43;812.83;812.83;9.52;9.52;0.936;250;250;12.5;37.5;25.0
KP-260X260X5;K;260×260;5;260×260×5;260 × 260;39.53;50.36;5421.93;5421.93;417.07;417.07;10.38;10.38;1.023;260;260;5;10;5
KP-260X260X6;K;260×260;6;260×260×6;260 × 260;47.13;60.03;6404.4;6404.4;492.65;492.65;10.33;10.33;1.019;260;260;6;12;6
KP-260X260X8;K;260×260;8;260×260×8;260 × 260;61.58;78.44;8177.69;8177.69;629.05;629.05;10.21;10.21;1.006;260;260;8;20.0;12.0
KP-260X260X10;K;260×260;10;260×260×10;260 × 260;75.8;96.56;9864.14;9864.14;758.78;758.78;10.11;10.11;0.997;260;260;10;25.0;15.0
KP-260X260X12.5;K;260×260;12.5;260×260×12,5;260 × 260;91.87;117.04;11546.93;11546.93;888.23;888.23;9.93;9.93;0.976;260;260;12.5;37.5;25.0
KP-300X300X5;K;300×300;5;300×300×5;300 × 300;45.81;58.36;8416.75;8416.75;561.12;561.12;12.01;12.01;1.183;300;300;5;10;5
KP-300X300X6;K;300×300;6;300×300×6;300 × 300;54.66;69.63;9963.48;9963.48;664.23;664.23;11.96;11.96;1.179;300;300;6;12;6
KP-300X300X8;K;300×300;8;300×300×8;300 × 300;71.62;91.24;12800.25;12800.25;853.35;853.35;11.84;11.84;1.166;300;300;8;20.0;12.0
KP-300X300X10;K;300×300;10;300×300×10;300 × 300;88.36;112.56;15518.69;15518.69;1034.58;1034.58;11.74;11.74;1.157;300;300;10;25.0;15.0
KP-300X300X12.5;K;300×300;12.5;300×300×12,5;300 × 300;107.57;137.04;18346.84;18346.84;1223.12;1223.12;11.57;11.57;1.136;300;300;12.5;37.5;25.0
KP-350X350X6;K;350×350;6;350×350×6;350 × 350;64.08;81.63;16007.49;16007.49;914.71;914.71;14.0;14.0;1.379;350;350;6;12;6
KP-350X350X8;K;350×350;8;350×350×8;350 × 350;84.18;107.24;20680.1;20680.1;1181.72;1181.72;13.89;13.89;1.366;350;350;8;20.0;12.0
KP-350X350X10;K;350×350;10;350×350×10;350 × 350;104.06;132.56;25188.21;25188.21;1439.33;1439.33;13.78;13.78;1.357;350;350;10;25.0;15.0
KP-350X350X12.5;K;350×350;12.5;350×350×12,5;350 × 350;127.2;162.04;30043.09;30043.09;1716.75;1716.75;13.62;13.62;1.336;350;350;12.5;37.5;25.0
KP-400X400X6;K;400×400;6;400×400×6;400 × 400;73.5;93.63;24103.9;24103.9;1205.19;1205.19;16.04;16.04;1.579;400;400;6;12;6
KP-400X400X8;K;400×400;8;400×400×8;400 × 400;96.74;123.24;31268.45;31268.45;1563.42;1563.42;15.93;15.93;1.566;400;400;8;20.0;12.0
KP-400X400X10;K;400×400;10;400×400×10;400 × 400;119.76;152.56;38214.76;38214.76;1910.74;1910.74;15.83;15.83;1.557;400;400;10;25.0;15.0
KP-400X400X12.5;K;400×400;12.5;400×400×12,5;400 × 400;146.82;187.04;45874.19;45874.19;2293.71;2293.71;15.66;15.66;1.536;400;400;12.5;37.5;25.0
KP-20X10X1.2;D;20×10;1.2;20×10×1,2;20 × 10;0.49;0.63;0.29;0.09;0.29;0.19;0.68;0.39;0.056;20;10;1.2;2.4;1.2
KP-20X10X1.5;D;20×10;1.5;20×10×1,5;20 × 10;0.59;0.75;0.33;0.11;0.33;0.21;0.66;0.37;0.055;20;10;1.5;3.0;1.5
KP-20X10X2;D;20×10;2;20×10×2;20 × 10;0.74;0.94;0.37;0.12;0.37;0.23;0.63;0.35;0.053;20;10;2;4;2
KP-30X15X1.2;D;30×15;1.2;30×15×1,2;30 × 15;0.77;0.99;1.09;0.36;0.72;0.49;1.05;0.61;0.086;30;15;1.2;2.4;1.2
KP-30X15X1.5;D;30×15;1.5;30×15×1,5;30 × 15;0.94;1.2;1.28;0.42;0.85;0.57;1.03;0.59;0.085;30;15;1.5;3.0;1.5
KP-30X15X2;D;30×15;2;30×15×2;30 × 15;1.21;1.54;1.54;0.5;1.03;0.67;1.0;0.57;0.083;30;15;2;4;2
KP-30X15X2.5;D;30×15;2.5;30×15×2,5;30 × 15;1.44;1.84;1.73;0.56;1.16;0.74;0.97;0.55;0.081;30;15;2.5;5.0;2.5
KP-30X15X3;D;30×15;3;30×15×3;30 × 15;1.65;2.11;1.86;0.59;1.24;0.78;0.94;0.53;0.08;30;15;3;6;3
KP-30X20X1.2;D;30×20;1.2;30×20×1,2;30 × 20;0.87;1.11;1.34;0.71;0.89;0.71;1.1;0.8;0.096;30;20;1.2;2.4;1.2
KP-30X20X1.5;D;30×20;1.5;30×20×1,5;30 × 20;1.06;1.35;1.59;0.84;1.06;0.84;1.08;0.79;0.095;30;20;1.5;3.0;1.5
KP-30X20X2;D;30×20;2;30×20×2;30 × 20;1.36;1.74;1.94;1.02;1.29;1.02;1.06;0.77;0.093;30;20;2;4;2
KP-30X20X2.5;D;30×20;2.5;30×20×2,5;30 × 20;1.64;2.09;2.21;1.15;1.47;1.15;1.03;0.74;0.091;30;20;2.5;5.0;2.5
KP-30X20X3;D;30×20;3;30×20×3;30 × 20;1.89;2.41;2.41;1.25;1.6;1.25;1.0;0.72;0.09;30;20;3;6;3
KP-40X10X1.5;D;40×10;1.5;40×10×1,5;40 × 10;1.06;1.35;2.15;0.21;1.08;0.43;1.26;0.4;0.095;40;10;1.5;3.0;1.5
KP-40X10X2;D;40×10;2;40×10×2;40 × 10;1.36;1.74;2.6;0.25;1.3;0.49;1.22;0.38;0.093;40;10;2;4;2
KP-40X10X2.5;D;40×10;2.5;40×10×2,5;40 × 10;1.64;2.09;2.93;0.26;1.47;0.53;1.19;0.36;0.091;40;10;2.5;5.0;2.5
KP-40X15X1.5;D;40×15;1.5;40×15×1,5;40 × 15;1.18;1.5;2.71;0.56;1.35;0.75;1.34;0.61;0.105;40;15;1.5;3.0;1.5
KP-40X15X2;D;40×15;2;40×15×2;40 × 15;1.52;1.94;3.33;0.67;1.66;0.9;1.31;0.59;0.103;40;15;2;4;2
KP-40X15X2.5;D;40×15;2.5;40×15×2,5;40 × 15;1.84;2.34;3.81;0.75;1.91;1.01;1.28;0.57;0.101;40;15;2.5;5.0;2.5
KP-40X15X3;D;40×15;3;40×15×3;40 × 15;2.13;2.71;4.18;0.81;2.09;1.08;1.24;0.55;0.1;40;15;3;6;3
KP-40X20X1.5;D;40×20;1.5;40×20×1,5;40 × 20;1.3;1.65;3.27;1.1;1.63;1.1;1.41;0.81;0.115;40;20;1.5;3.0;1.5
KP-40X20X2;D;40×20;2;40×20×2;40 × 20;1.68;2.14;4.05;1.34;2.02;1.34;1.38;0.79;0.113;40;20;2;4;2
KP-40X20X2.5;D;40×20;2.5;40×20×2,5;40 × 20;2.03;2.59;4.69;1.54;2.35;1.54;1.35;0.77;0.111;40;20;2.5;5.0;2.5
KP-40X20X3;D;40×20;3;40×20×3;40 × 20;2.36;3.01;5.21;1.68;2.6;1.68;1.32;0.75;0.11;40;20;3;6;3
KP-40X20X4;D;40×20;4;40×20×4;40 × 20;2.94;3.75;5.87;1.86;2.93;1.86;1.25;0.7;0.106;40;20;4;8;4
KP-40X30X1.5;D;40×30;1.5;40×30×1,5;40 × 30;1.53;1.95;4.38;2.81;2.19;1.87;1.5;1.2;0.135;40;30;1.5;3.0;1.5
KP-40X30X2;D;40×30;2;40×30×2;40 × 30;1.99;2.54;5.49;3.51;2.75;2.34;1.47;1.18;0.133;40;30;2;4;2
KP-40X30X2.5;D;40×30;2.5;40×30×2,5;40 × 30;2.42;3.09;6.45;4.1;3.23;2.74;1.45;1.15;0.131;40;30;2.5;5.0;2.5
KP-40X30X3;D;40×30;3;40×30×3;40 × 30;2.83;3.61;7.26;4.6;3.63;3.07;1.42;1.13;0.13;40;30;3;6;3
KP-40X30X4;D;40×30;4;40×30×4;40 × 30;3.57;4.55;8.47;5.33;4.24;3.55;1.36;1.08;0.126;40;30;4;8;4
KP-50X20X1.5;D;50×20;1.5;50×20×1,5;50 × 20;1.53;1.95;5.77;1.35;2.31;1.35;1.72;0.83;0.135;50;20;1.5;3.0;1.5
KP-50X20X2;D;50×20;2;50×20×2;50 × 20;1.99;2.54;7.23;1.67;2.89;1.67;1.69;0.81;0.133;50;20;2;4;2
KP-50X20X2.5;D;50×20;2.5;50×20×2,5;50 × 20;2.42;3.09;8.47;1.92;3.39;1.92;1.66;0.79;0.131;50;20;2.5;5.0;2.5
KP-50X20X3;D;50×20;3;50×20×3;50 × 20;2.83;3.61;9.51;2.12;3.8;2.12;1.62;0.77;0.13;50;20;3;6;3
KP-50X20X4;D;50×20;4;50×20×4;50 × 20;3.57;4.55;11.01;2.38;4.4;2.38;1.56;0.72;0.126;50;20;4;8;4
KP-50X25X1.5;D;50×25;1.5;50×25×1,5;50 × 25;1.65;2.1;6.65;2.25;2.66;1.8;1.78;1.04;0.145;50;25;1.5;3.0;1.5
KP-50X25X2;D;50×25;2;50×25×2;50 × 25;2.15;2.74;8.38;2.81;3.35;2.25;1.75;1.01;0.143;50;25;2;4;2
KP-50X25X2.5;D;50×25;2.5;50×25×2,5;50 × 25;2.62;3.34;9.89;3.28;3.95;2.62;1.72;0.99;0.141;50;25;2.5;5.0;2.5
KP-50X25X3;D;50×25;3;50×25×3;50 × 25;3.07;3.91;11.17;3.67;4.47;2.93;1.69;0.97;0.14;50;25;3;6;3
KP-50X25X4;D;50×25;4;50×25×4;50 × 25;3.88;4.95;13.13;4.23;5.25;3.38;1.63;0.92;0.136;50;25;4;8;4
KP-50X30X1.5;D;50×30;1.5;50×30×1,5;50 × 30;1.77;2.25;7.54;3.42;3.01;2.28;1.83;1.23;0.155;50;30;1.5;3.0;1.5
KP-50X30X2;D;50×30;2;50×30×2;50 × 30;2.31;2.94;9.54;4.29;3.81;2.86;1.8;1.21;0.153;50;30;2;4;2
KP-50X30X2.5;D;50×30;2.5;50×30×2,5;50 × 30;2.82;3.59;11.3;5.05;4.52;3.37;1.77;1.19;0.151;50;30;2.5;5.0;2.5
KP-50X30X3;D;50×30;3;50×30×3;50 × 30;3.3;4.21;12.83;5.7;5.13;3.8;1.75;1.16;0.15;50;30;3;6;3
KP-50X30X4;D;50×30;4;50×30×4;50 × 30;4.2;5.35;15.25;6.69;6.1;4.46;1.69;1.12;0.146;50;30;4;8;4
KP-60X20X2;D;60×20;2;60×20×2;60 × 20;2.31;2.94;11.68;1.99;3.89;1.99;1.99;0.82;0.153;60;20;2;4;2
KP-60X20X2.5;D;60×20;2.5;60×20×2,5;60 × 20;2.82;3.59;13.8;2.31;4.6;2.31;1.96;0.8;0.151;60;20;2.5;5.0;2.5
KP-60X20X3;D;60×20;3;60×20×3;60 × 20;3.3;4.21;15.62;2.56;5.21;2.56;1.93;0.78;0.15;60;20;3;6;3
KP-60X20X4;D;60×20;4;60×20×4;60 × 20;4.2;5.35;18.42;2.9;6.14;2.9;1.86;0.74;0.146;60;20;4;8;4
KP-60X20X5;D;60×20;5;60×20×5;60 × 20;4.99;6.36;20.16;3.07;6.72;3.07;1.78;0.69;0.143;60;20;5;10;5
KP-60X30X2;D;60×30;2;60×30×2;60 × 30;2.62;3.34;15.05;5.08;5.02;3.39;2.12;1.23;0.173;60;30;2;4;2
KP-60X30X2.5;D;60×30;2.5;60×30×2,5;60 × 30;3.21;4.09;17.93;6.0;5.98;4.0;2.09;1.21;0.171;60;30;2.5;5.0;2.5
KP-60X30X3;D;60×30;3;60×30×3;60 × 30;3.77;4.81;20.5;6.8;6.83;4.53;2.06;1.19;0.17;60;30;3;6;3
KP-60X30X4;D;60×30;4;60×30×4;60 × 30;4.83;6.15;24.7;8.05;8.23;5.37;2.0;1.14;0.166;60;30;4;8;4
KP-60X30X5;D;60×30;5;60×30×5;60 × 30;5.77;7.36;27.74;8.91;9.25;5.94;1.94;1.1;0.163;60;30;5;10;5
KP-60X40X2;D;60×40;2;60×40×2;60 × 40;2.93;3.74;18.41;9.83;6.14;4.92;2.22;1.62;0.193;60;40;2;4;2
KP-60X40X2.5;D;60×40;2.5;60×40×2,5;60 × 40;3.6;4.59;22.07;11.74;7.36;5.87;2.19;1.6;0.191;60;40;2.5;5.0;2.5
KP-60X40X3;D;60×40;3;60×40×3;60 × 40;4.25;5.41;25.38;13.44;8.46;6.72;2.17;1.58;0.19;60;40;3;6;3
KP-60X40X4;D;60×40;4;60×40×4;60 × 40;5.45;6.95;30.98;16.28;10.33;8.14;2.11;1.53;0.186;60;40;4;8;4
KP-60X40X5;D;60×40;5;60×40×5;60 × 40;6.56;8.36;35.32;18.42;11.77;9.21;2.06;1.48;0.183;60;40;5;10;5
KP-70X30X2;D;70×30;2;70×30×2;70 × 30;2.93;3.74;22.22;5.86;6.35;3.91;2.44;1.25;0.193;70;30;2;4;2
KP-70X30X2.5;D;70×30;2.5;70×30×2,5;70 × 30;3.6;4.59;26.62;6.95;7.6;4.63;2.41;1.23;0.191;70;30;2.5;5.0;2.5
KP-70X30X3;D;70×30;3;70×30×3;70 × 30;4.25;5.41;30.57;7.9;8.73;5.26;2.38;1.21;0.19;70;30;3;6;3
KP-70X30X4;D;70×30;4;70×30×4;70 × 30;5.45;6.95;37.23;9.42;10.64;6.28;2.31;1.16;0.186;70;30;4;8;4
KP-70X30X5;D;70×30;5;70×30×5;70 × 30;6.56;8.36;42.29;10.49;12.08;6.99;2.25;1.12;0.183;70;30;5;10;5
KP-70X40X2;D;70×40;2;70×40×2;70 × 40;3.25;4.14;26.85;11.28;7.67;5.64;2.55;1.65;0.213;70;40;2;4;2
KP-70X40X2.5;D;70×40;2.5;70×40×2,5;70 × 40;3.99;5.09;32.31;13.5;9.23;6.75;2.52;1.63;0.211;70;40;2.5;5.0;2.5
KP-70X40X3;D;70×40;3;70×40×3;70 × 40;4.72;6.01;37.31;15.5;10.66;7.75;2.49;1.61;0.21;70;40;3;6;3
KP-70X40X4;D;70×40;4;70×40×4;70 × 40;6.08;7.75;45.95;18.88;13.13;9.44;2.44;1.56;0.206;70;40;4;8;4
KP-70X40X5;D;70×40;5;70×40×5;70 × 40;7.34;9.36;52.87;21.51;15.11;10.75;2.38;1.52;0.203;70;40;5;10;5
KP-70X50X2;D;70×50;2;70×50×2;70 × 50;3.56;4.54;31.47;18.76;8.99;7.5;2.63;2.03;0.233;70;50;2;4;2
KP-70X50X2.5;D;70×50;2.5;70×50×2,5;70 × 50;4.39;5.59;38.01;22.59;10.86;9.04;2.61;2.01;0.231;70;50;2.5;5.0;2.5
KP-70X50X3;D;70×50;3;70×50×3;70 × 50;5.19;6.61;44.05;26.1;12.59;10.44;2.58;1.99;0.23;70;50;3;6;3
KP-70X50X4;D;70×50;4;70×50×4;70 × 50;6.71;8.55;54.67;32.22;15.62;12.89;2.53;1.94;0.226;70;50;4;8;4
KP-70X50X5;D;70×50;5;70×50×5;70 × 50;8.13;10.36;63.46;37.2;18.13;14.88;2.48;1.9;0.223;70;50;5;10;5
KP-80X20X2;D;80×20;2;80×20×2;80 × 20;2.93;3.74;25.18;2.64;6.3;2.64;2.6;0.84;0.193;80;20;2;4;2
KP-80X20X2.5;D;80×20;2.5;80×20×2,5;80 × 20;3.6;4.59;30.08;3.08;7.52;3.08;2.56;0.82;0.191;80;20;2.5;5.0;2.5
KP-80X20X3;D;80×20;3;80×20×3;80 × 20;4.25;5.41;34.45;3.44;8.61;3.44;2.52;0.8;0.19;80;20;3;6;3
KP-80X20X4;D;80×20;4;80×20×4;80 × 20;5.45;6.95;41.66;3.95;10.42;3.95;2.45;0.75;0.186;80;20;4;8;4
KP-80X20X5;D;80×20;5;80×20×5;80 × 20;6.56;8.36;46.93;4.24;11.73;4.24;2.37;0.71;0.183;80;20;5;10;5
KP-80X40X2;D;80×40;2;80×40×2;80 × 40;3.56;4.54;37.36;12.72;9.34;6.36;2.87;1.67;0.233;80;40;2;4;2
KP-80X40X2.5;D;80×40;2.5;80×40×2,5;80 × 40;4.39;5.59;45.1;15.26;11.28;7.63;2.84;1.65;0.231;80;40;2.5;5.0;2.5
KP-80X40X3;D;80×40;3;80×40×3;80 × 40;5.19;6.61;52.25;17.55;13.06;8.78;2.81;1.63;0.23;80;40;3;6;3
KP-80X40X4;D;80×40;4;80×40×4;80 × 40;6.71;8.55;64.79;21.48;16.2;10.74;2.75;1.59;0.226;80;40;4;8;4
KP-80X40X5;D;80×40;5;80×40×5;80 × 40;8.13;10.36;75.1;24.59;18.78;12.3;2.69;1.54;0.223;80;40;5;10;5
KP-80X60X2;D;80×60;2;80×60×2;80 × 60;4.19;5.34;49.53;31.87;12.38;10.62;3.05;2.44;0.273;80;60;2;4;2
KP-80X60X2.5;D;80×60;2.5;80×60×2,5;80 × 60;5.17;6.59;60.12;38.61;15.03;12.87;3.02;2.42;0.271;80;60;2.5;5.0;2.5
KP-80X60X3;D;80×60;3;80×60×3;80 × 60;6.13;7.81;70.04;44.89;17.51;14.96;3.0;2.4;0.27;80;60;3;6;3
KP-80X60X4;D;80×60;4;80×60×4;80 × 60;7.97;10.15;87.91;56.11;21.98;18.7;2.94;2.35;0.266;80;60;4;8;4
KP-80X60X5;D;80×60;5;80×60×5;80 × 60;9.7;12.36;103.27;65.66;25.82;21.89;2.89;2.31;0.263;80;60;5;10;5
KP-90X50X2;D;90×50;2;90×50×2;90 × 50;4.19;5.34;57.88;23.37;12.86;9.35;3.29;2.09;0.273;90;50;2;4;2
KP-90X50X2.5;D;90×50;2.5;90×50×2,5;90 × 50;5.17;6.59;70.26;28.23;15.61;11.29;3.27;2.07;0.271;90;50;2.5;5.0;2.5
KP-90X50X3;D;90×50;3;90×50×3;90 × 50;6.13;7.81;81.85;32.74;18.19;13.1;3.24;2.05;0.27;90;50;3;6;3
KP-90X50X4;D;90×50;4;90×50×4;90 × 50;7.97;10.15;102.7;40.7;22.82;16.28;3.18;2.0;0.266;90;50;4;8;4
KP-90X50X5;D;90×50;5;90×50×5;90 × 50;9.7;12.36;120.59;47.37;26.8;18.95;3.12;1.96;0.263;90;50;5;10;5
KP-90X50X6;D;90×50;6;90×50×6;90 × 50;11.33;14.43;135.65;52.83;30.14;21.13;3.07;1.91;0.259;90;50;6;12;6
KP-100X20X2;D;100×20;2;100×20×2;100 × 20;3.56;4.54;46.16;3.29;9.23;3.29;3.19;0.85;0.233;100;20;2;4;2
KP-100X20X2.5;D;100×20;2.5;100×20×2,5;100 × 20;4.39;5.59;55.54;3.85;11.11;3.85;3.15;0.83;0.231;100;20;2.5;5.0;2.5
KP-100X20X3;D;100×20;3;100×20×3;100 × 20;5.19;6.61;64.1;4.31;12.82;4.31;3.11;0.81;0.23;100;20;3;6;3
KP-100X20X4;D;100×20;4;100×20×4;100 × 20;6.71;8.55;78.8;5.0;15.76;5.0;3.04;0.76;0.226;100;20;4;8;4
KP-100X20X5;D;100×20;5;100×20×5;100 × 20;8.13;10.36;90.42;5.4;18.08;5.4;2.95;0.72;0.223;100;20;5;10;5
KP-100X30X2;D;100×30;2;100×30×2;100 × 30;3.88;4.94;55.77;8.22;11.15;5.48;3.36;1.29;0.253;100;30;2;4;2
KP-100X30X2.5;D;100×30;2.5;100×30×2,5;100 × 30;4.78;6.09;67.43;9.79;13.49;6.53;3.33;1.27;0.251;100;30;2.5;5.0;2.5
KP-100X30X3;D;100×30;3;100×30×3;100 × 30;5.66;7.21;78.22;11.19;15.64;7.46;3.29;1.25;0.25;100;30;3;6;3
KP-100X30X4;D;100×30;4;100×30×4;100 × 30;7.34;9.35;97.24;13.51;19.45;9.0;3.23;1.2;0.246;100;30;4;8;4
KP-100X30X5;D;100×30;5;100×30×5;100 × 30;8.91;11.36;113.01;15.24;22.6;10.16;3.15;1.16;0.243;100;30;5;10;5
KP-100X30X6;D;100×30;6;100×30×6;100 × 30;10.39;13.23;125.65;16.47;25.13;10.98;3.08;1.12;0.239;100;30;6;12;6
KP-100X40X2;D;100×40;2;100×40×2;100 × 40;4.19;5.34;65.37;15.61;13.07;7.81;3.5;1.71;0.273;100;40;2;4;2
KP-100X40X2.5;D;100×40;2.5;100×40×2,5;100 × 40;5.17;6.59;79.31;18.78;15.86;9.39;3.47;1.69;0.271;100;40;2.5;5.0;2.5
KP-100X40X3;D;100×40;3;100×40×3;100 × 40;6.13;7.81;92.33;21.67;18.47;10.84;3.44;1.67;0.27;100;40;3;6;3
KP-100X40X4;D;100×40;4;100×40×4;100 × 40;7.97;10.15;115.69;26.69;23.14;13.34;3.38;1.62;0.266;100;40;4;8;4
KP-100X40X5;D;100×40;5;100×40×5;100 × 40;9.7;12.36;135.59;30.76;27.12;15.38;3.31;1.58;0.263;100;40;5;10;5
KP-100X40X6;D;100×40;6;100×40×6;100 × 40;11.33;14.43;152.19;33.96;30.44;16.98;3.25;1.53;0.259;100;40;6;12;6
KP-100X50X2;D;100×50;2;100×50×2;100 × 50;4.5;5.74;74.98;25.67;15.0;10.27;3.62;2.12;0.293;100;50;2;4;2
KP-100X50X2.5;D;100×50;2.5;100×50×2,5;100 × 50;5.56;7.09;91.2;31.06;18.24;12.42;3.59;2.09;0.291;100;50;2.5;5.0;2.5
KP-100X50X3;D;100×50;3;100×50×3;100 × 50;6.6;8.41;106.45;36.06;21.29;14.42;3.56;2.07;0.29;100;50;3;6;3
KP-100X50X4;D;100×50;4;100×50×4;100 × 50;8.59;10.95;134.13;44.95;26.83;17.98;3.5;2.03;0.286;100;50;4;8;4
KP-100X50X5;D;100×50;5;100×50×5;100 × 50;10.48;13.36;158.17;52.45;31.63;20.98;3.44;1.98;0.283;100;50;5;10;5
KP-100X50X6;D;100×50;6;100×50×6;100 × 50;12.27;15.63;178.73;58.67;35.75;23.47;3.38;1.94;0.279;100;50;6;12;6
KP-100X60X2;D;100×60;2;100×60×2;100 × 60;4.82;6.14;84.58;38.6;16.92;12.87;3.71;2.51;0.313;100;60;2;4;2
KP-100X60X2.5;D;100×60;2.5;100×60×2,5;100 × 60;5.96;7.59;103.09;46.88;20.62;15.63;3.69;2.49;0.311;100;60;2.5;5.0;2.5
KP-100X60X3;D;100×60;3;100×60×3;100 × 60;7.07;9.01;120.57;54.65;24.11;18.22;3.66;2.46;0.31;100;60;3;6;3
KP-100X60X4;D;100×60;4;100×60×4;100 × 60;9.22;11.75;152.57;68.68;30.51;22.89;3.6;2.42;0.306;100;60;4;8;4
KP-100X60X5;D;100×60;5;100×60×5;100 × 60;11.27;14.36;180.76;80.82;36.15;26.94;3.55;2.37;0.303;100;60;5;10;5
KP-100X60X6;D;100×60;6;100×60×6;100 × 60;13.21;16.83;205.28;91.2;41.06;30.4;3.49;2.33;0.299;100;60;6;12;6
KP-100X80X2;D;100×80;2;100×80×2;100 × 80;5.45;6.94;103.8;73.87;20.76;18.47;3.87;3.26;0.353;100;80;2;4;2
KP-100X80X2.5;D;100×80;2.5;100×80×2,5;100 × 80;6.74;8.59;126.86;90.17;25.37;22.54;3.84;3.24;0.351;100;80;2.5;5.0;2.5
KP-100X80X3;D;100×80;3;100×80×3;100 × 80;8.01;10.21;148.81;105.64;29.76;26.41;3.82;3.22;0.35;100;80;3;6;3
KP-100X80X4;D;100×80;4;100×80×4;100 × 80;10.48;13.35;189.46;134.16;37.89;33.54;3.77;3.17;0.346;100;80;4;8;4
KP-100X80X5;D;100×80;5;100×80×5;100 × 80;12.84;16.36;225.92;159.6;45.18;39.9;3.72;3.12;0.343;100;80;5;10;5
KP-100X80X6;D;100×80;6;100×80×6;100 × 80;15.1;19.23;258.37;182.09;51.67;45.52;3.67;3.08;0.339;100;80;6;12;6
KP-120X40X3;D;120×40;3;120×40×3;120 × 40;7.07;9.01;148.04;25.79;24.67;12.89;4.05;1.69;0.31;120;40;3;6;3
KP-120X40X4;D;120×40;4;120×40×4;120 × 40;9.22;11.75;186.88;31.89;31.15;15.95;3.99;1.65;0.306;120;40;4;8;4
KP-120X40X5;D;120×40;5;120×40×5;120 × 40;11.27;14.36;220.79;36.92;36.8;18.46;3.92;1.6;0.303;120;40;5;10;5
KP-120X40X6;D;120×40;6;120×40×6;120 × 40;13.21;16.83;249.94;40.97;41.66;20.48;3.85;1.56;0.299;120;40;6;12;6
KP-120X40X8;D;120×40;8;120×40×8;120 × 40;16.36;20.84;274.72;44.38;45.79;22.19;3.63;1.46;0.286;120;40;8;20.0;12.0
KP-120X60X3;D;120×60;3;120×60×3;120 × 60;8.01;10.21;189.11;64.4;31.52;21.47;4.3;2.51;0.35;120;60;3;6;3
KP-120X60X4;D;120×60;4;120×60×4;120 × 60;10.48;13.35;240.73;81.24;40.12;27.08;4.25;2.47;0.346;120;60;4;8;4
KP-120X60X5;D;120×60;5;120×60×5;120 × 60;12.84;16.36;286.95;95.99;47.83;32.0;4.19;2.42;0.343;120;60;5;10;5
KP-120X60X6;D;120×60;6;120×60×6;120 × 60;15.1;19.23;327.98;108.76;54.66;36.25;4.13;2.38;0.339;120;60;6;12;6
KP-120X60X8;D;120×60;8;120×60×8;120 × 60;18.87;24.04;375.24;123.97;62.54;41.32;3.95;2.27;0.326;120;60;8;20.0;12.0
KP-120X80X3;D;120×80;3;120×80×3;120 × 80;8.96;11.41;230.19;123.43;38.36;30.86;4.49;3.29;0.39;120;80;3;6;3
KP-120X80X4;D;120×80;4;120×80×4;120 × 80;11.73;14.95;294.57;157.29;49.1;39.32;4.44;3.24;0.386;120;80;4;8;4
KP-120X80X5;D;120×80;5;120×80×5;120 × 80;14.41;18.36;353.12;187.77;58.85;46.94;4.39;3.2;0.383;120;80;5;10;5
KP-120X80X6;D;120×80;6;120×80×6;120 × 80;16.98;21.63;406.03;215.02;67.67;53.76;4.33;3.15;0.379;120;80;6;12;6
KP-120X80X8;D;120×80;8;120×80×8;120 × 80;21.38;27.24;475.77;251.64;79.29;62.91;4.18;3.04;0.366;120;80;8;20.0;12.0
KP-140X60X3;D;140×60;3;140×60×3;140 × 60;8.96;11.41;278.07;74.16;39.72;24.72;4.94;2.55;0.39;140;60;3;6;3
KP-140X60X4;D;140×60;4;140×60×4;140 × 60;11.73;14.95;355.58;93.81;50.8;31.27;4.88;2.51;0.386;140;60;4;8;4
KP-140X60X5;D;140×60;5;140×60×5;140 × 60;14.41;18.36;425.87;111.16;60.84;37.05;4.82;2.46;0.383;140;60;5;10;5
KP-140X60X6;D;140×60;6;140×60×6;140 × 60;16.98;21.63;489.16;126.33;69.88;42.11;4.76;2.42;0.379;140;60;6;12;6
KP-140X60X8;D;140×60;8;140×60×8;140 × 60;21.38;27.24;568.43;145.77;81.2;48.59;4.57;2.31;0.366;140;60;8;20.0;12.0
KP-140X80X3;D;140×80;3;140×80×3;140 × 80;9.9;12.61;334.39;141.23;47.77;35.31;5.15;3.35;0.43;140;80;3;6;3
KP-140X80X4;D;140×80;4;140×80×4;140 × 80;12.99;16.55;429.58;180.41;61.37;45.1;5.1;3.3;0.426;140;80;4;8;4
KP-140X80X5;D;140×80;5;140×80×5;140 × 80;15.98;20.36;517.03;215.93;73.86;53.98;5.04;3.26;0.423;140;80;5;10;5
KP-140X80X6;D;140×80;6;140×80×6;140 × 80;18.87;24.03;596.96;247.95;85.28;61.99;4.98;3.21;0.419;140;80;6;12;6
KP-140X80X8;D;140×80;8;140×80×8;140 × 80;23.9;30.44;708.0;293.28;101.14;73.32;4.82;3.1;0.406;140;80;8;20.0;12.0
KP-150X50X3;D;150×50;3;150×50×3;150 × 50;8.96;11.41;298.54;52.65;39.8;21.06;5.12;2.15;0.39;150;50;3;6;3
KP-150X50X4;D;150×50;4;150×50×4;150 × 50;11.73;14.95;381.37;66.16;50.85;26.46;5.05;2.1;0.386;150;50;4;8;4
KP-150X50X5;D;150×50;5;150×50×5;150 × 50;14.41;18.36;456.25;77.87;60.83;31.15;4.99;2.06;0.383;150;50;5;10;5
KP-150X50X6;D;150×50;6;150×50×6;150 × 50;16.98;21.63;523.42;87.89;69.79;35.16;4.92;2.02;0.379;150;50;6;12;6
KP-150X50X8;D;150×50;8;150×50×8;150 × 50;21.38;27.24;604.32;99.99;80.58;40.0;4.71;1.92;0.366;150;50;8;20.0;12.0
KP-150X100X3;D;150×100;3;150×100×3;150 × 100;11.31;14.41;460.63;247.63;61.42;49.53;5.65;4.15;0.49;150;100;3;6;3
KP-150X100X4;D;150×100;4;150×100×4;150 × 100;14.87;18.95;594.58;318.56;79.28;63.71;5.6;4.1;0.486;150;100;4;8;4
KP-150X100X5;D;150×100;5;150×100×5;150 × 100;18.33;23.36;719.17;384.01;95.89;76.8;5.55;4.05;0.483;150;100;5;10;5
KP-150X100X6;D;150×100;6;150×100×6;150 × 100;21.69;27.63;834.64;444.17;111.29;88.83;5.5;4.01;0.479;150;100;6;12;6
KP-150X100X8;D;150×100;8;150×100×8;150 × 100;27.66;35.24;1008.02;535.61;134.4;107.12;5.35;3.9;0.466;150;100;8;20.0;12.0
KP-160X80X4;D;160×80;4;160×80×4;160 × 80;14.25;18.15;597.69;203.54;74.71;50.88;5.74;3.35;0.466;160;80;4;8;4
KP-160X80X5;D;160×80;5;160×80×5;160 × 80;17.55;22.36;721.65;244.1;90.21;61.03;5.68;3.3;0.463;160;80;5;10;5
KP-160X80X6;D;160×80;6;160×80×6;160 × 80;20.75;26.43;835.96;280.88;104.49;70.22;5.62;3.26;0.459;160;80;6;12;6
KP-160X80X8;D;160×80;8;160×80×8;160 × 80;26.41;33.64;1001.11;334.92;125.14;83.73;5.46;3.16;0.446;160;80;8;20.0;12.0
KP-160X80X10;D;160×80;10;160×80×10;160 × 80;31.84;40.56;1146.16;379.77;143.27;94.94;5.32;3.06;0.437;160;80;10;25.0;15.0
KP-180X100X4;D;180×100;4;180×100×4;180 × 100;16.76;21.35;926.01;373.88;102.89;74.78;6.59;4.18;0.546;180;100;4;8;4
KP-180X100X5;D;180×100;5;180×100×5;180 × 100;20.69;26.36;1124.15;451.76;124.91;90.35;6.53;4.14;0.543;180;100;5;10;5
KP-180X100X6;D;180×100;6;180×100×6;180 × 100;24.52;31.23;1309.54;523.81;145.5;104.76;6.48;4.1;0.539;180;100;6;12;6
KP-180X100X8;D;180×100;8;180×100×8;180 × 100;31.43;40.04;1598.34;637.43;177.59;127.49;6.32;3.99;0.526;180;100;8;20.0;12.0
KP-180X100X10;D;180×100;10;180×100×10;180 × 100;38.12;48.56;1859.23;736.34;206.58;147.27;6.19;3.89;0.517;180;100;10;25.0;15.0
KP-200X100X4;D;200×100;4;200×100×4;200 × 100;18.01;22.95;1199.67;410.77;119.97;82.15;7.23;4.23;0.586;200;100;4;8;4
KP-200X100X5;D;200×100;5;200×100×5;200 × 100;22.26;28.36;1459.2;496.92;145.92;99.38;7.17;4.19;0.583;200;100;5;10;5
KP-200X100X6;D;200×100;6;200×100×6;200 × 100;26.4;33.63;1703.23;576.89;170.32;115.38;7.12;4.14;0.579;200;100;6;12;6
KP-200X100X8;D;200×100;8;200×100×8;200 × 100;33.94;43.24;2090.65;705.31;209.07;141.06;6.95;4.04;0.566;200;100;8;20.0;12.0
KP-200X100X10;D;200×100;10;200×100×10;200 × 100;41.26;52.56;2444.11;817.68;244.41;163.54;6.82;3.94;0.557;200;100;10;25.0;15.0
KP-200X120X4;D;200×120;4;200×120×4;200 × 120;19.27;24.55;1353.35;617.64;135.34;102.94;7.43;5.02;0.626;200;120;4;8;4
KP-200X120X5;D;200×120;5;200×120×5;200 × 120;23.83;30.36;1649.36;750.12;164.94;125.02;7.37;4.97;0.623;200;120;5;10;5
KP-200X120X6;D;200×120;6;200×120×6;200 × 120;28.29;36.03;1929.11;874.32;192.91;145.72;7.32;4.93;0.619;200;120;6;12;6
KP-200X120X8;D;200×120;8;200×120×8;200 × 120;36.46;46.44;2385.73;1078.9;238.57;179.82;7.17;4.82;0.606;200;120;8;20.0;12.0
KP-200X120X10;D;200×120;10;200×120×10;200 × 120;44.4;56.56;2805.44;1262.04;280.54;210.34;7.04;4.72;0.597;200;120;10;25.0;15.0
KP-200X150X4;D;200×150;4;200×150×4;200 × 150;21.15;26.95;1583.88;1021.01;158.39;136.13;7.67;6.16;0.686;200;150;4;8;4
KP-200X150X5;D;200×150;5;200×150×5;200 × 150;26.18;33.36;1934.61;1245.0;193.46;166.0;7.62;6.11;0.683;200;150;5;10;5
KP-200X150X6;D;200×150;6;200×150×6;200 × 150;31.11;39.63;2267.95;1457.08;226.79;194.28;7.56;6.06;0.679;200;150;6;12;6
KP-200X150X8;D;200×150;8;200×150×8;200 × 150;40.22;51.24;2828.36;1815.44;282.84;242.06;7.43;5.95;0.666;200;150;8;20.0;12.0
KP-200X150X10;D;200×150;10;200×150×10;200 × 150;49.11;62.56;3347.44;2143.21;334.74;285.76;7.31;5.85;0.657;200;150;10;25.0;15.0
KP-250X150X5;D;250×150;5;250×150×5;250 × 150;30.11;38.36;3304.09;1507.92;264.33;201.06;9.28;6.27;0.783;250;150;5;10;5
KP-250X150X6;D;250×150;6;250×150×6;250 × 150;35.82;45.63;3885.43;1768.3;310.83;235.77;9.23;6.23;0.779;250;150;6;12;6
KP-250X150X8;D;250×150;8;250×150×8;250 × 150;46.5;59.24;4885.49;2219.14;390.84;295.89;9.08;6.12;0.766;250;150;8;20.0;12.0
KP-250X150X10;D;250×150;10;250×150×10;250 × 150;56.96;72.56;5824.54;2634.04;465.96;351.21;8.96;6.02;0.757;250;150;10;25.0;15.0
KP-250X150X12.5;D;250×150;12.5;250×150×12,5;250 × 150;68.32;87.04;6631.79;3002.04;530.54;400.27;8.73;5.87;0.736;250;150;12.5;37.5;25.0
KP-300X100X5;D;300×100;5;300×100×5;300 × 100;30.11;38.36;4065.09;722.76;271.01;144.55;10.29;4.34;0.783;300;100;5;10;5
KP-300X100X6;D;300×100;6;300×100×6;300 × 100;35.82;45.63;4776.6;842.33;318.44;168.47;10.23;4.3;0.779;300;100;6;12;6
KP-300X100X8;D;300×100;8;300×100×8;300 × 100;46.5;59.24;5977.42;1044.73;398.49;208.95;10.04;4.2;0.766;300;100;8;20.0;12.0
KP-300X100X10;D;300×100;10;300×100×10;300 × 100;56.96;72.56;7105.36;1224.34;473.69;244.87;9.9;4.11;0.757;300;100;10;25.0;15.0
KP-300X100X12.5;D;300×100;12.5;300×100×12,5;300 × 100;68.32;87.04;8008.3;1373.8;533.89;274.76;9.59;3.97;0.736;300;100;12.5;37.5;25.0
KP-300X200X5;D;300×200;5;300×200×5;300 × 200;37.96;48.36;6240.92;3360.86;416.06;336.09;11.36;8.34;0.983;300;200;5;10;5
KP-300X200X6;D;300×200;6;300×200×6;300 × 200;45.24;57.63;7370.04;3962.11;491.34;396.21;11.31;8.29;0.979;300;200;6;12;6
KP-300X200X8;D;300×200;8;300×200×8;300 × 200;59.06;75.24;9388.84;5041.48;625.92;504.15;11.17;8.19;0.966;300;200;8;20.0;12.0
KP-300X200X10;D;300×200;10;300×200×10;300 × 200;72.66;92.56;11312.02;6057.44;754.13;605.74;11.05;8.09;0.957;300;200;10;25.0;15.0
KP-300X200X12.5;D;300×200;12.5;300×200×12,5;300 × 200;87.95;112.04;13177.57;7059.39;878.5;705.94;10.85;7.94;0.936;300;200;12.5;37.5;25.0
KP-400X200X6;D;400×200;6;400×200×6;400 × 200;54.66;69.63;14789.02;5091.55;739.45;509.15;14.57;8.55;1.179;400;200;6;12;6
KP-400X200X8;D;400×200;8;400×200×8;400 × 200;71.62;91.24;18973.63;6516.89;948.68;651.69;14.42;8.45;1.166;400;200;8;20.0;12.0
KP-400X200X10;D;400×200;10;400×200×10;400 × 200;88.36;112.56;23001.43;7864.11;1150.07;786.41;14.29;8.36;1.157;400;200;10;25.0;15.0
KP-400X200X12.5;D;400×200;12.5;400×200×12,5;400 × 200;107.57;137.04;27098.15;9259.91;1354.91;925.99;14.06;8.22;1.136;400;200;12.5;37.5;25.0
