k;g;s;v;lbl;dim;kg;A;U;d_w;d_t
LM-10X3;;10 mm;3;10×3;10 × 3;0.235;0.3;0.026;10;3
LM-10X4;;10 mm;4;10×4;10 × 4;0.314;0.4;0.028;10;4
LM-10X5;;10 mm;5;10×5;10 × 5;0.392;0.5;0.03;10;5
LM-12X3;;12 mm;3;12×3;12 × 3;0.283;0.36;0.03;12;3
LM-12X4;;12 mm;4;12×4;12 × 4;0.377;0.48;0.032;12;4
LM-12X5;;12 mm;5;12×5;12 × 5;0.471;0.6;0.034;12;5
LM-12X6;;12 mm;6;12×6;12 × 6;0.565;0.72;0.036;12;6
LM-15X3;;15 mm;3;15×3;15 × 3;0.353;0.45;0.036;15;3
LM-15X4;;15 mm;4;15×4;15 × 4;0.471;0.6;0.038;15;4
LM-15X5;;15 mm;5;15×5;15 × 5;0.589;0.75;0.04;15;5
LM-15X6;;15 mm;6;15×6;15 × 6;0.706;0.9;0.042;15;6
LM-16X3;;16 mm;3;16×3;16 × 3;0.377;0.48;0.038;16;3
LM-16X4;;16 mm;4;16×4;16 × 4;0.502;0.64;0.04;16;4
LM-16X5;;16 mm;5;16×5;16 × 5;0.628;0.8;0.042;16;5
LM-16X6;;16 mm;6;16×6;16 × 6;0.754;0.96;0.044;16;6
LM-16X8;;16 mm;8;16×8;16 × 8;1.0;1.28;0.048;16;8
LM-20X3;;20 mm;3;20×3;20 × 3;0.471;0.6;0.046;20;3
LM-20X4;;20 mm;4;20×4;20 × 4;0.628;0.8;0.048;20;4
LM-20X5;;20 mm;5;20×5;20 × 5;0.785;1.0;0.05;20;5
LM-20X6;;20 mm;6;20×6;20 × 6;0.942;1.2;0.052;20;6
LM-20X8;;20 mm;8;20×8;20 × 8;1.26;1.6;0.056;20;8
LM-20X10;;20 mm;10;20×10;20 × 10;1.57;2.0;0.06;20;10
LM-25X3;;25 mm;3;25×3;25 × 3;0.589;0.75;0.056;25;3
LM-25X4;;25 mm;4;25×4;25 × 4;0.785;1.0;0.058;25;4
LM-25X5;;25 mm;5;25×5;25 × 5;0.981;1.25;0.06;25;5
LM-25X6;;25 mm;6;25×6;25 × 6;1.18;1.5;0.062;25;6
LM-25X8;;25 mm;8;25×8;25 × 8;1.57;2.0;0.066;25;8
LM-25X10;;25 mm;10;25×10;25 × 10;1.96;2.5;0.07;25;10
LM-25X12;;25 mm;12;25×12;25 × 12;2.35;3.0;0.074;25;12
LM-30X3;;30 mm;3;30×3;30 × 3;0.706;0.9;0.066;30;3
LM-30X4;;30 mm;4;30×4;30 × 4;0.942;1.2;0.068;30;4
LM-30X5;;30 mm;5;30×5;30 × 5;1.18;1.5;0.07;30;5
LM-30X6;;30 mm;6;30×6;30 × 6;1.41;1.8;0.072;30;6
LM-30X8;;30 mm;8;30×8;30 × 8;1.88;2.4;0.076;30;8
LM-30X10;;30 mm;10;30×10;30 × 10;2.35;3.0;0.08;30;10
LM-30X12;;30 mm;12;30×12;30 × 12;2.83;3.6;0.084;30;12
LM-30X15;;30 mm;15;30×15;30 × 15;3.53;4.5;0.09;30;15
LM-35X3;;35 mm;3;35×3;35 × 3;0.824;1.05;0.076;35;3
LM-35X4;;35 mm;4;35×4;35 × 4;1.1;1.4;0.078;35;4
LM-35X5;;35 mm;5;35×5;35 × 5;1.37;1.75;0.08;35;5
LM-35X6;;35 mm;6;35×6;35 × 6;1.65;2.1;0.082;35;6
LM-35X8;;35 mm;8;35×8;35 × 8;2.2;2.8;0.086;35;8
LM-35X10;;35 mm;10;35×10;35 × 10;2.75;3.5;0.09;35;10
LM-35X12;;35 mm;12;35×12;35 × 12;3.3;4.2;0.094;35;12
LM-35X15;;35 mm;15;35×15;35 × 15;4.12;5.25;0.1;35;15
LM-40X3;;40 mm;3;40×3;40 × 3;0.942;1.2;0.086;40;3
LM-40X4;;40 mm;4;40×4;40 × 4;1.26;1.6;0.088;40;4
LM-40X5;;40 mm;5;40×5;40 × 5;1.57;2.0;0.09;40;5
LM-40X6;;40 mm;6;40×6;40 × 6;1.88;2.4;0.092;40;6
LM-40X8;;40 mm;8;40×8;40 × 8;2.51;3.2;0.096;40;8
LM-40X10;;40 mm;10;40×10;40 × 10;3.14;4.0;0.1;40;10
LM-40X12;;40 mm;12;40×12;40 × 12;3.77;4.8;0.104;40;12
LM-40X15;;40 mm;15;40×15;40 × 15;4.71;6.0;0.11;40;15
LM-40X20;;40 mm;20;40×20;40 × 20;6.28;8.0;0.12;40;20
LM-45X3;;45 mm;3;45×3;45 × 3;1.06;1.35;0.096;45;3
LM-45X4;;45 mm;4;45×4;45 × 4;1.41;1.8;0.098;45;4
LM-45X5;;45 mm;5;45×5;45 × 5;1.77;2.25;0.1;45;5
LM-45X6;;45 mm;6;45×6;45 × 6;2.12;2.7;0.102;45;6
LM-45X8;;45 mm;8;45×8;45 × 8;2.83;3.6;0.106;45;8
LM-45X10;;45 mm;10;45×10;45 × 10;3.53;4.5;0.11;45;10
LM-45X12;;45 mm;12;45×12;45 × 12;4.24;5.4;0.114;45;12
LM-45X15;;45 mm;15;45×15;45 × 15;5.3;6.75;0.12;45;15
LM-45X20;;45 mm;20;45×20;45 × 20;7.06;9.0;0.13;45;20
LM-50X3;;50 mm;3;50×3;50 × 3;1.18;1.5;0.106;50;3
LM-50X4;;50 mm;4;50×4;50 × 4;1.57;2.0;0.108;50;4
LM-50X5;;50 mm;5;50×5;50 × 5;1.96;2.5;0.11;50;5
LM-50X6;;50 mm;6;50×6;50 × 6;2.35;3.0;0.112;50;6
LM-50X8;;50 mm;8;50×8;50 × 8;3.14;4.0;0.116;50;8
LM-50X10;;50 mm;10;50×10;50 × 10;3.92;5.0;0.12;50;10
LM-50X12;;50 mm;12;50×12;50 × 12;4.71;6.0;0.124;50;12
LM-50X15;;50 mm;15;50×15;50 × 15;5.89;7.5;0.13;50;15
LM-50X20;;50 mm;20;50×20;50 × 20;7.85;10.0;0.14;50;20
LM-50X25;;50 mm;25;50×25;50 × 25;9.81;12.5;0.15;50;25
LM-60X3;;60 mm;3;60×3;60 × 3;1.41;1.8;0.126;60;3
LM-60X4;;60 mm;4;60×4;60 × 4;1.88;2.4;0.128;60;4
LM-60X5;;60 mm;5;60×5;60 × 5;2.35;3.0;0.13;60;5
LM-60X6;;60 mm;6;60×6;60 × 6;2.83;3.6;0.132;60;6
LM-60X8;;60 mm;8;60×8;60 × 8;3.77;4.8;0.136;60;8
LM-60X10;;60 mm;10;60×10;60 × 10;4.71;6.0;0.14;60;10
LM-60X12;;60 mm;12;60×12;60 × 12;5.65;7.2;0.144;60;12
LM-60X15;;60 mm;15;60×15;60 × 15;7.06;9.0;0.15;60;15
LM-60X20;;60 mm;20;60×20;60 × 20;9.42;12.0;0.16;60;20
LM-60X25;;60 mm;25;60×25;60 × 25;11.77;15.0;0.17;60;25
LM-60X30;;60 mm;30;60×30;60 × 30;14.13;18.0;0.18;60;30
LM-70X3;;70 mm;3;70×3;70 × 3;1.65;2.1;0.146;70;3
LM-70X4;;70 mm;4;70×4;70 × 4;2.2;2.8;0.148;70;4
LM-70X5;;70 mm;5;70×5;70 × 5;2.75;3.5;0.15;70;5
LM-70X6;;70 mm;6;70×6;70 × 6;3.3;4.2;0.152;70;6
LM-70X8;;70 mm;8;70×8;70 × 8;4.4;5.6;0.156;70;8
LM-70X10;;70 mm;10;70×10;70 × 10;5.49;7.0;0.16;70;10
LM-70X12;;70 mm;12;70×12;70 × 12;6.59;8.4;0.164;70;12
LM-70X15;;70 mm;15;70×15;70 × 15;8.24;10.5;0.17;70;15
LM-70X20;;70 mm;20;70×20;70 × 20;10.99;14.0;0.18;70;20
LM-70X25;;70 mm;25;70×25;70 × 25;13.74;17.5;0.19;70;25
LM-70X30;;70 mm;30;70×30;70 × 30;16.48;21.0;0.2;70;30
LM-80X3;;80 mm;3;80×3;80 × 3;1.88;2.4;0.166;80;3
LM-80X4;;80 mm;4;80×4;80 × 4;2.51;3.2;0.168;80;4
LM-80X5;;80 mm;5;80×5;80 × 5;3.14;4.0;0.17;80;5
LM-80X6;;80 mm;6;80×6;80 × 6;3.77;4.8;0.172;80;6
LM-80X8;;80 mm;8;80×8;80 × 8;5.02;6.4;0.176;80;8
LM-80X10;;80 mm;10;80×10;80 × 10;6.28;8.0;0.18;80;10
LM-80X12;;80 mm;12;80×12;80 × 12;7.54;9.6;0.184;80;12
LM-80X15;;80 mm;15;80×15;80 × 15;9.42;12.0;0.19;80;15
LM-80X20;;80 mm;20;80×20;80 × 20;12.56;16.0;0.2;80;20
LM-80X25;;80 mm;25;80×25;80 × 25;15.7;20.0;0.21;80;25
LM-80X30;;80 mm;30;80×30;80 × 30;18.84;24.0;0.22;80;30
LM-90X3;;90 mm;3;90×3;90 × 3;2.12;2.7;0.186;90;3
LM-90X4;;90 mm;4;90×4;90 × 4;2.83;3.6;0.188;90;4
LM-90X5;;90 mm;5;90×5;90 × 5;3.53;4.5;0.19;90;5
LM-90X6;;90 mm;6;90×6;90 × 6;4.24;5.4;0.192;90;6
LM-90X8;;90 mm;8;90×8;90 × 8;5.65;7.2;0.196;90;8
LM-90X10;;90 mm;10;90×10;90 × 10;7.06;9.0;0.2;90;10
LM-90X12;;90 mm;12;90×12;90 × 12;8.48;10.8;0.204;90;12
LM-90X15;;90 mm;15;90×15;90 × 15;10.6;13.5;0.21;90;15
LM-90X20;;90 mm;20;90×20;90 × 20;14.13;18.0;0.22;90;20
LM-90X25;;90 mm;25;90×25;90 × 25;17.66;22.5;0.23;90;25
LM-90X30;;90 mm;30;90×30;90 × 30;21.19;27.0;0.24;90;30
LM-100X5;;100 mm;5;100×5;100 × 5;3.92;5.0;0.21;100;5
LM-100X6;;100 mm;6;100×6;100 × 6;4.71;6.0;0.212;100;6
LM-100X8;;100 mm;8;100×8;100 × 8;6.28;8.0;0.216;100;8
LM-100X10;;100 mm;10;100×10;100 × 10;7.85;10.0;0.22;100;10
LM-100X12;;100 mm;12;100×12;100 × 12;9.42;12.0;0.224;100;12
LM-100X15;;100 mm;15;100×15;100 × 15;11.77;15.0;0.23;100;15
LM-100X20;;100 mm;20;100×20;100 × 20;15.7;20.0;0.24;100;20
LM-100X25;;100 mm;25;100×25;100 × 25;19.62;25.0;0.25;100;25
LM-100X30;;100 mm;30;100×30;100 × 30;23.55;30.0;0.26;100;30
LM-110X5;;110 mm;5;110×5;110 × 5;4.32;5.5;0.23;110;5
LM-110X6;;110 mm;6;110×6;110 × 6;5.18;6.6;0.232;110;6
LM-110X8;;110 mm;8;110×8;110 × 8;6.91;8.8;0.236;110;8
LM-110X10;;110 mm;10;110×10;110 × 10;8.63;11.0;0.24;110;10
LM-110X12;;110 mm;12;110×12;110 × 12;10.36;13.2;0.244;110;12
LM-110X15;;110 mm;15;110×15;110 × 15;12.95;16.5;0.25;110;15
LM-110X20;;110 mm;20;110×20;110 × 20;17.27;22.0;0.26;110;20
LM-110X25;;110 mm;25;110×25;110 × 25;21.59;27.5;0.27;110;25
LM-110X30;;110 mm;30;110×30;110 × 30;25.9;33.0;0.28;110;30
LM-120X5;;120 mm;5;120×5;120 × 5;4.71;6.0;0.25;120;5
LM-120X6;;120 mm;6;120×6;120 × 6;5.65;7.2;0.252;120;6
LM-120X8;;120 mm;8;120×8;120 × 8;7.54;9.6;0.256;120;8
LM-120X10;;120 mm;10;120×10;120 × 10;9.42;12.0;0.26;120;10
LM-120X12;;120 mm;12;120×12;120 × 12;11.3;14.4;0.264;120;12
LM-120X15;;120 mm;15;120×15;120 × 15;14.13;18.0;0.27;120;15
LM-120X20;;120 mm;20;120×20;120 × 20;18.84;24.0;0.28;120;20
LM-120X25;;120 mm;25;120×25;120 × 25;23.55;30.0;0.29;120;25
LM-120X30;;120 mm;30;120×30;120 × 30;28.26;36.0;0.3;120;30
LM-130X5;;130 mm;5;130×5;130 × 5;5.1;6.5;0.27;130;5
LM-130X6;;130 mm;6;130×6;130 × 6;6.12;7.8;0.272;130;6
LM-130X8;;130 mm;8;130×8;130 × 8;8.16;10.4;0.276;130;8
LM-130X10;;130 mm;10;130×10;130 × 10;10.2;13.0;0.28;130;10
LM-130X12;;130 mm;12;130×12;130 × 12;12.25;15.6;0.284;130;12
LM-130X15;;130 mm;15;130×15;130 × 15;15.31;19.5;0.29;130;15
LM-130X20;;130 mm;20;130×20;130 × 20;20.41;26.0;0.3;130;20
LM-130X25;;130 mm;25;130×25;130 × 25;25.51;32.5;0.31;130;25
LM-130X30;;130 mm;30;130×30;130 × 30;30.61;39.0;0.32;130;30
LM-140X5;;140 mm;5;140×5;140 × 5;5.49;7.0;0.29;140;5
LM-140X6;;140 mm;6;140×6;140 × 6;6.59;8.4;0.292;140;6
LM-140X8;;140 mm;8;140×8;140 × 8;8.79;11.2;0.296;140;8
LM-140X10;;140 mm;10;140×10;140 × 10;10.99;14.0;0.3;140;10
LM-140X12;;140 mm;12;140×12;140 × 12;13.19;16.8;0.304;140;12
LM-140X15;;140 mm;15;140×15;140 × 15;16.48;21.0;0.31;140;15
LM-140X20;;140 mm;20;140×20;140 × 20;21.98;28.0;0.32;140;20
LM-140X25;;140 mm;25;140×25;140 × 25;27.47;35.0;0.33;140;25
LM-140X30;;140 mm;30;140×30;140 × 30;32.97;42.0;0.34;140;30
LM-150X5;;150 mm;5;150×5;150 × 5;5.89;7.5;0.31;150;5
LM-150X6;;150 mm;6;150×6;150 × 6;7.06;9.0;0.312;150;6
LM-150X8;;150 mm;8;150×8;150 × 8;9.42;12.0;0.316;150;8
LM-150X10;;150 mm;10;150×10;150 × 10;11.77;15.0;0.32;150;10
LM-150X12;;150 mm;12;150×12;150 × 12;14.13;18.0;0.324;150;12
LM-150X15;;150 mm;15;150×15;150 × 15;17.66;22.5;0.33;150;15
LM-150X20;;150 mm;20;150×20;150 × 20;23.55;30.0;0.34;150;20
LM-150X25;;150 mm;25;150×25;150 × 25;29.44;37.5;0.35;150;25
LM-150X30;;150 mm;30;150×30;150 × 30;35.32;45.0;0.36;150;30
LM-160X5;;160 mm;5;160×5;160 × 5;6.28;8.0;0.33;160;5
LM-160X6;;160 mm;6;160×6;160 × 6;7.54;9.6;0.332;160;6
LM-160X8;;160 mm;8;160×8;160 × 8;10.05;12.8;0.336;160;8
LM-160X10;;160 mm;10;160×10;160 × 10;12.56;16.0;0.34;160;10
LM-160X12;;160 mm;12;160×12;160 × 12;15.07;19.2;0.344;160;12
LM-160X15;;160 mm;15;160×15;160 × 15;18.84;24.0;0.35;160;15
LM-160X20;;160 mm;20;160×20;160 × 20;25.12;32.0;0.36;160;20
LM-160X25;;160 mm;25;160×25;160 × 25;31.4;40.0;0.37;160;25
LM-160X30;;160 mm;30;160×30;160 × 30;37.68;48.0;0.38;160;30
LM-180X5;;180 mm;5;180×5;180 × 5;7.06;9.0;0.37;180;5
LM-180X6;;180 mm;6;180×6;180 × 6;8.48;10.8;0.372;180;6
LM-180X8;;180 mm;8;180×8;180 × 8;11.3;14.4;0.376;180;8
LM-180X10;;180 mm;10;180×10;180 × 10;14.13;18.0;0.38;180;10
LM-180X12;;180 mm;12;180×12;180 × 12;16.96;21.6;0.384;180;12
LM-180X15;;180 mm;15;180×15;180 × 15;21.19;27.0;0.39;180;15
LM-180X20;;180 mm;20;180×20;180 × 20;28.26;36.0;0.4;180;20
LM-180X25;;180 mm;25;180×25;180 × 25;35.32;45.0;0.41;180;25
LM-180X30;;180 mm;30;180×30;180 × 30;42.39;54.0;0.42;180;30
LM-200X5;;200 mm;5;200×5;200 × 5;7.85;10.0;0.41;200;5
LM-200X6;;200 mm;6;200×6;200 × 6;9.42;12.0;0.412;200;6
LM-200X8;;200 mm;8;200×8;200 × 8;12.56;16.0;0.416;200;8
LM-200X10;;200 mm;10;200×10;200 × 10;15.7;20.0;0.42;200;10
LM-200X12;;200 mm;12;200×12;200 × 12;18.84;24.0;0.424;200;12
LM-200X15;;200 mm;15;200×15;200 × 15;23.55;30.0;0.43;200;15
LM-200X20;;200 mm;20;200×20;200 × 20;31.4;40.0;0.44;200;20
LM-200X25;;200 mm;25;200×25;200 × 25;39.25;50.0;0.45;200;25
LM-200X30;;200 mm;30;200×30;200 × 30;47.1;60.0;0.46;200;30
