stok_kodu;tip;olcu;yukseklik_mm;genislik_mm;et_kalinligi_mm;kg_m;kesit_alani_cm2;Ix_cm4;Iy_cm4;Wx_cm3;Wy_cm3;ix_cm;iy_cm;boya_yuzeyi_m2_m;agirlik_6m_kg;agirlik_12m_kg
KP-15X15X1.2;Kare;15×15×1,2;15;15;1.2;0.49;0.63;0.19;0.19;0.26;0.26;0.55;0.55;0.056;2.95;5.89
KP-15X15X1.5;Kare;15×15×1,5;15;15;1.5;0.59;0.75;0.22;0.22;0.29;0.29;0.54;0.54;0.055;3.54;7.08
KP-15X15X2;Kare;15×15×2;15;15;2;0.74;0.94;0.25;0.25;0.33;0.33;0.51;0.51;0.053;4.41;8.83
KP-20X20X1.2;Kare;20×20×1,2;20;20;1.2;0.68;0.87;0.5;0.5;0.5;0.5;0.76;0.76;0.076;4.08;8.15
KP-20X20X1.5;Kare;20×20×1,5;20;20;1.5;0.83;1.05;0.58;0.58;0.58;0.58;0.74;0.74;0.075;4.96;9.91
KP-20X20X2;Kare;20×20×2;20;20;2;1.05;1.34;0.69;0.69;0.69;0.69;0.72;0.72;0.073;6.3;12.59
KP-25X25X1.2;Kare;25×25×1,2;25;25;1.2;0.87;1.11;1.03;1.03;0.82;0.82;0.96;0.96;0.096;5.21;10.41
KP-25X25X1.5;Kare;25×25×1,5;25;25;1.5;1.06;1.35;1.22;1.22;0.97;0.97;0.95;0.95;0.095;6.37;12.74
KP-25X25X2;Kare;25×25×2;25;25;2;1.36;1.74;1.48;1.48;1.19;1.19;0.92;0.92;0.093;8.18;16.36
KP-25X25X2.5;Kare;25×25×2,5;25;25;2.5;1.64;2.09;1.69;1.69;1.35;1.35;0.9;0.9;0.091;9.84;19.68
KP-25X25X3;Kare;25×25×3;25;25;3;1.89;2.41;1.84;1.84;1.47;1.47;0.87;0.87;0.09;11.34;22.69
KP-30X30X1.2;Kare;30×30×1,2;30;30;1.2;1.06;1.35;1.83;1.83;1.22;1.22;1.17;1.17;0.116;6.34;12.67
KP-30X30X1.5;Kare;30×30×1,5;30;30;1.5;1.3;1.65;2.2;2.2;1.46;1.46;1.15;1.15;0.115;7.78;15.56
KP-30X30X2;Kare;30×30×2;30;30;2;1.68;2.14;2.72;2.72;1.81;1.81;1.13;1.13;0.113;10.07;20.13
KP-30X30X2.5;Kare;30×30×2,5;30;30;2.5;2.03;2.59;3.16;3.16;2.1;2.1;1.1;1.1;0.111;12.19;24.39
KP-30X30X3;Kare;30×30×3;30;30;3;2.36;3.01;3.5;3.5;2.34;2.34;1.08;1.08;0.11;14.17;28.34
KP-35X35X1.5;Kare;35×35×1,5;35;35;1.5;1.53;1.95;3.6;3.6;2.05;2.05;1.36;1.36;0.135;9.19;18.39
KP-35X35X2;Kare;35×35×2;35;35;2;1.99;2.54;4.51;4.51;2.58;2.58;1.33;1.33;0.133;11.95;23.9
KP-35X35X2.5;Kare;35×35×2,5;35;35;2.5;2.42;3.09;5.29;5.29;3.02;3.02;1.31;1.31;0.131;14.55;29.1
KP-35X35X3;Kare;35×35×3;35;35;3;2.83;3.61;5.95;5.95;3.4;3.4;1.28;1.28;0.13;16.99;33.99
KP-35X35X4;Kare;35×35×4;35;35;4;3.57;4.55;6.93;6.93;3.96;3.96;1.23;1.23;0.126;21.42;42.84
KP-40X40X1.5;Kare;40×40×1,5;40;40;1.5;1.77;2.25;5.49;5.49;2.75;2.75;1.56;1.56;0.155;10.61;21.21
KP-40X40X2;Kare;40×40×2;40;40;2;2.31;2.94;6.94;6.94;3.47;3.47;1.54;1.54;0.153;13.83;27.67
KP-40X40X2.5;Kare;40×40×2,5;40;40;2.5;2.82;3.59;8.22;8.22;4.11;4.11;1.51;1.51;0.151;16.9;33.81
KP-40X40X3;Kare;40×40×3;40;40;3;3.3;4.21;9.32;9.32;4.66;4.66;1.49;1.49;0.15;19.82;39.64
KP-40X40X4;Kare;40×40×4;40;40;4;4.2;5.35;11.07;11.07;5.54;5.54;1.44;1.44;0.146;25.19;50.38
KP-45X45X1.5;Kare;45×45×1,5;45;45;1.5;2.0;2.55;7.96;7.96;3.54;3.54;1.77;1.77;0.175;12.02;24.04
KP-45X45X2;Kare;45×45×2;45;45;2;2.62;3.34;10.12;10.12;4.5;4.5;1.74;1.74;0.173;15.72;31.43
KP-45X45X2.5;Kare;45×45×2,5;45;45;2.5;3.21;4.09;12.06;12.06;5.36;5.36;1.72;1.72;0.171;19.26;38.52
KP-45X45X3;Kare;45×45×3;45;45;3;3.77;4.81;13.78;13.78;6.12;6.12;1.69;1.69;0.17;22.65;45.29
KP-45X45X4;Kare;45×45×4;45;45;4;4.83;6.15;16.61;16.61;7.38;7.38;1.64;1.64;0.166;28.96;57.91
KP-50X50X1.5;Kare;50×50×1,5;50;50;1.5;2.24;2.85;11.07;11.07;4.43;4.43;1.97;1.97;0.195;13.43;26.87
KP-50X50X2;Kare;50×50×2;50;50;2;2.93;3.74;14.15;14.15;5.66;5.66;1.95;1.95;0.193;17.6;35.2
KP-50X50X2.5;Kare;50×50×2,5;50;50;2.5;3.6;4.59;16.94;16.94;6.78;6.78;1.92;1.92;0.191;21.61;43.23
KP-50X50X3;Kare;50×50×3;50;50;3;4.25;5.41;19.47;19.47;7.79;7.79;1.9;1.9;0.19;25.47;50.95
KP-50X50X4;Kare;50×50×4;50;50;4;5.45;6.95;23.74;23.74;9.49;9.49;1.85;1.85;0.186;32.72;65.45
KP-60X60X2;Kare;60×60×2;60;60;2;3.56;4.54;25.14;25.14;8.38;8.38;2.35;2.35;0.233;21.37;42.74
KP-60X60X2.5;Kare;60×60×2,5;60;60;2.5;4.39;5.59;30.34;30.34;10.11;10.11;2.33;2.33;0.231;26.32;52.65
KP-60X60X3;Kare;60×60×3;60;60;3;5.19;6.61;35.13;35.13;11.71;11.71;2.31;2.31;0.23;31.12;62.25
KP-60X60X4;Kare;60×60×4;60;60;4;6.71;8.55;43.55;43.55;14.52;14.52;2.26;2.26;0.226;40.26;80.52
KP-60X60X5;Kare;60×60×5;60;60;5;8.13;10.36;50.49;50.49;16.83;16.83;2.21;2.21;0.223;48.78;97.55
KP-70X70X2;Kare;70×70×2;70;70;2;4.19;5.34;40.73;40.73;11.64;11.64;2.76;2.76;0.273;25.14;50.27
KP-70X70X2.5;Kare;70×70×2,5;70;70;2.5;5.17;6.59;49.41;49.41;14.12;14.12;2.74;2.74;0.271;31.03;62.07
KP-70X70X3;Kare;70×70×3;70;70;3;6.13;7.81;57.53;57.53;16.44;16.44;2.71;2.71;0.27;36.78;73.55
KP-70X70X4;Kare;70×70×4;70;70;4;7.97;10.15;72.12;72.12;20.61;20.61;2.67;2.67;0.266;47.8;95.59
KP-70X70X5;Kare;70×70×5;70;70;5;9.7;12.36;84.63;84.63;24.18;24.18;2.62;2.62;0.263;58.2;116.39
KP-80X80X2;Kare;80×80×2;80;80;2;4.82;6.14;61.7;61.7;15.42;15.42;3.17;3.17;0.313;28.91;57.81
KP-80X80X2.5;Kare;80×80×2,5;80;80;2.5;5.96;7.59;75.15;75.15;18.79;18.79;3.15;3.15;0.311;35.74;71.49
KP-80X80X3;Kare;80×80×3;80;80;3;7.07;9.01;87.84;87.84;21.96;21.96;3.12;3.12;0.31;42.43;84.86
KP-80X80X4;Kare;80×80×4;80;80;4;9.22;11.75;111.04;111.04;27.76;27.76;3.07;3.07;0.306;55.33;110.67
KP-80X80X5;Kare;80×80×5;80;80;5;11.27;14.36;131.44;131.44;32.86;32.86;3.03;3.03;0.303;67.62;135.23
KP-90X90X2;Kare;90×90×2;90;90;2;5.45;6.94;88.86;88.86;19.75;19.75;3.58;3.58;0.353;32.67;65.35
KP-90X90X2.5;Kare;90×90×2,5;90;90;2.5;6.74;8.59;108.55;108.55;24.12;24.12;3.56;3.56;0.351;40.45;80.91
KP-90X90X3;Kare;90×90×3;90;90;3;8.01;10.21;127.28;127.28;28.28;28.28;3.53;3.53;0.35;48.08;96.16
KP-90X90X4;Kare;90×90×4;90;90;4;10.48;13.35;161.92;161.92;35.98;35.98;3.48;3.48;0.346;62.87;125.74
KP-90X90X5;Kare;90×90×5;90;90;5;12.84;16.36;192.93;192.93;42.87;42.87;3.43;3.43;0.343;77.04;154.07
KP-90X90X6;Kare;90×90×6;90;90;6;15.1;19.23;220.47;220.47;48.99;48.99;3.39;3.39;0.339;90.59;181.17
KP-100X100X2;Kare;100×100×2;100;100;2;6.07;7.74;123.01;123.01;24.6;24.6;3.99;3.99;0.393;36.44;72.88
KP-100X100X2.5;Kare;100×100×2,5;100;100;2.5;7.53;9.59;150.63;150.63;30.13;30.13;3.96;3.96;0.391;45.16;90.33
KP-100X100X3;Kare;100×100×3;100;100;3;8.96;11.41;177.05;177.05;35.41;35.41;3.94;3.94;0.39;53.73;107.47
KP-100X100X4;Kare;100×100×4;100;100;4;11.73;14.95;226.35;226.35;45.27;45.27;3.89;3.89;0.386;70.4;140.81
KP-100X100X5;Kare;100×100×5;100;100;5;14.41;18.36;271.1;271.1;54.22;54.22;3.84;3.84;0.383;86.46;172.91
KP-100X100X6;Kare;100×100×6;100;100;6;16.98;21.63;311.47;311.47;62.29;62.29;3.79;3.79;0.379;101.89;203.78
KP-120X120X3;Kare;120×120×3;120;120;3;10.84;13.81;312.35;312.35;52.06;52.06;4.76;4.76;0.47;65.04;130.07
KP-120X120X4;Kare;120×120×4;120;120;4;14.25;18.15;402.27;402.27;67.05;67.05;4.71;4.71;0.466;85.48;170.95
KP-120X120X5;Kare;120×120×5;120;120;5;17.55;22.36;485.47;485.47;80.91;80.91;4.66;4.66;0.463;105.3;210.59
KP-120X120X6;Kare;120×120×6;120;120;6;20.75;26.43;562.15;562.15;93.69;93.69;4.61;4.61;0.459;124.5;249.0
KP-120X120X8;Kare;120×120×8;120;120;8;26.41;33.64;676.86;676.86;112.81;112.81;4.49;4.49;0.446;158.45;316.91
KP-140X140X3;Kare;140×140×3;140;140;3;12.72;16.21;503.34;503.34;71.91;71.91;5.57;5.57;0.55;76.34;152.68
KP-140X140X4;Kare;140×140×4;140;140;4;16.76;21.35;651.61;651.61;93.09;93.09;5.52;5.52;0.546;100.55;201.1
KP-140X140X5;Kare;140×140×5;140;140;5;20.69;26.36;790.55;790.55;112.94;112.94;5.48;5.48;0.543;124.14;248.27
KP-140X140X6;Kare;140×140×6;140;140;6;24.52;31.23;920.42;920.42;131.49;131.49;5.43;5.43;0.539;147.11;294.21
KP-140X140X8;Kare;140×140×8;140;140;8;31.43;40.04;1126.76;1126.76;160.97;160.97;5.3;5.3;0.526;188.6;377.2
KP-150X150X3;Kare;150×150×3;150;150;3;13.67;17.41;622.73;622.73;83.03;83.03;5.98;5.98;0.59;81.99;163.99
KP-150X150X4;Kare;150×150×4;150;150;4;18.01;22.95;807.81;807.81;107.71;107.71;5.93;5.93;0.586;108.08;216.17
KP-150X150X5;Kare;150×150×5;150;150;5;22.26;28.36;982.11;982.11;130.95;130.95;5.89;5.89;0.583;133.56;267.11
KP-150X150X6;Kare;150×150×6;150;150;6;26.4;33.63;1145.9;1145.9;152.79;152.79;5.84;5.84;0.579;158.41;316.82
KP-150X150X8;Kare;150×150×8;150;150;8;33.95;43.24;1411.81;1411.81;188.24;188.24;5.71;5.71;0.566;203.67;407.34
KP-160X160X4;Kare;160×160×4;160;160;4;19.27;24.55;987.17;987.17;123.4;123.4;6.34;6.34;0.626;115.62;231.24
KP-160X160X5;Kare;160×160×5;160;160;5;23.83;30.36;1202.35;1202.35;150.29;150.29;6.29;6.29;0.623;142.98;285.95
KP-160X160X6;Kare;160×160×6;160;160;6;28.29;36.03;1405.47;1405.47;175.68;175.68;6.25;6.25;0.619;169.71;339.43
KP-160X160X8;Kare;160×160×8;160;160;8;36.46;46.44;1741.21;1741.21;217.65;217.65;6.12;6.12;0.606;218.74;437.48
KP-160X160X10;Kare;160×160×10;160;160;10;44.4;56.57;2047.63;2047.63;255.95;255.95;6.02;6.02;0.597;266.42;532.85
KP-180X180X4;Kare;180×180×4;180;180;4;21.78;27.75;1421.74;1421.74;157.97;157.97;7.16;7.16;0.706;130.69;261.39
KP-180X180X5;Kare;180×180×5;180;180;5;26.97;34.36;1736.86;1736.86;192.98;192.98;7.11;7.11;0.703;161.82;323.63
KP-180X180X6;Kare;180×180×6;180;180;6;32.05;40.83;2036.51;2036.51;226.28;226.28;7.06;7.06;0.699;192.32;384.64
KP-180X180X8;Kare;180×180×8;180;180;8;41.48;52.84;2545.83;2545.83;282.87;282.87;6.94;6.94;0.686;248.89;497.77
KP-180X180X10;Kare;180×180×10;180;180;10;50.68;64.57;3016.75;3016.75;335.19;335.19;6.84;6.84;0.677;304.1;608.21
KP-200X200X4;Kare;200×200×4;200;200;4;24.29;30.95;1968.12;1968.12;196.81;196.81;7.97;7.97;0.786;145.76;291.53
KP-200X200X5;Kare;200×200×5;200;200;5;30.11;38.36;2410.08;2410.08;241.01;241.01;7.93;7.93;0.783;180.66;361.31
KP-200X200X6;Kare;200×200×6;200;200;6;35.82;45.63;2832.73;2832.73;283.27;283.27;7.88;7.88;0.779;214.93;429.86
KP-200X200X8;Kare;200×200×8;200;200;8;46.51;59.24;3566.22;3566.22;356.62;356.62;7.76;7.76;0.766;279.03;558.06
KP-200X200X10;Kare;200×200×10;200;200;10;56.96;72.57;4251.0;4251.0;425.1;425.1;7.65;7.65;0.757;341.78;683.57
KP-220X220X5;Kare;220×220×5;220;220;5;33.25;42.36;3238.01;3238.01;294.36;294.36;8.74;8.74;0.863;199.5;398.99
KP-220X220X6;Kare;220×220×6;220;220;6;39.59;50.43;3813.34;3813.34;346.67;346.67;8.7;8.7;0.859;237.54;475.08
KP-220X220X8;Kare;220×220×8;220;220;8;51.53;65.64;4827.96;4827.96;438.91;438.91;8.58;8.58;0.846;309.17;618.35
KP-220X220X10;Kare;220×220×10;220;220;10;63.24;80.57;5782.39;5782.39;525.67;525.67;8.47;8.47;0.837;379.46;758.93
KP-220X220X12.5;Kare;220×220×12,5;220;220;12.5;76.18;97.04;6673.85;6673.85;606.71;606.71;8.29;8.29;0.816;457.07;914.14
KP-250X250X5;Kare;250×250×5;250;250;5;37.96;48.36;4804.99;4804.99;384.4;384.4;9.97;9.97;0.983;227.76;455.51
KP-250X250X6;Kare;250×250×6;250;250;6;45.24;57.63;5671.98;5671.98;453.76;453.76;9.92;9.92;0.979;271.45;542.9
KP-250X250X8;Kare;250×250×8;250;250;8;59.07;75.24;7229.15;7229.15;578.33;578.33;9.8;9.8;0.966;354.39;708.78
KP-250X250X10;Kare;250×250×10;250;250;10;72.66;92.57;8706.58;8706.58;696.53;696.53;9.7;9.7;0.957;435.98;871.97
KP-250X250X12.5;Kare;250×250×12,5;250;250;12.5;87.95;112.04;10161.14;10161.14;812.89;812.89;9.52;9.52;0.936;527.72;1055.44
KP-260X260X5;Kare;260×260×5;260;260;5;39.53;50.36;5422.01;5422.01;417.08;417.08;10.38;10.38;1.023;237.18;474.35
KP-260X260X6;Kare;260×260×6;260;260;6;47.13;60.03;6404.51;6404.51;492.65;492.65;10.33;10.33;1.019;282.75;565.51
KP-260X260X8;Kare;260×260×8;260;260;8;61.58;78.44;8177.95;8177.95;629.07;629.07;10.21;10.21;1.006;369.46;738.92
KP-260X260X10;Kare;260×260×10;260;260;10;75.8;96.57;9864.55;9864.55;758.81;758.81;10.11;10.11;0.997;454.82;909.65
KP-260X260X12.5;Kare;260×260×12,5;260;260;12.5;91.88;117.04;11547.7;11547.7;888.28;888.28;9.93;9.93;0.976;551.27;1102.54
KP-300X300X5;Kare;300×300×5;300;300;5;45.81;58.36;8416.86;8416.86;561.12;561.12;12.01;12.01;1.183;274.86;549.71
KP-300X300X6;Kare;300×300×6;300;300;6;54.66;69.63;9963.63;9963.63;664.24;664.24;11.96;11.96;1.179;327.97;655.94
KP-300X300X8;Kare;300×300×8;300;300;8;71.63;91.24;12800.6;12800.6;853.37;853.37;11.84;11.84;1.166;429.75;859.5
KP-300X300X10;Kare;300×300×10;300;300;10;88.36;112.57;15519.23;15519.23;1034.62;1034.62;11.74;11.74;1.157;530.18;1060.37
KP-300X300X12.5;Kare;300×300×12,5;300;300;12.5;107.58;137.04;18347.88;18347.88;1223.19;1223.19;11.57;11.57;1.136;645.47;1290.94
KP-350X350X6;Kare;350×350×6;350;350;6;64.08;81.63;16007.69;16007.69;914.73;914.73;14.0;14.0;1.379;384.49;768.98
KP-350X350X8;Kare;350×350×8;350;350;8;84.19;107.24;20680.58;20680.58;1181.75;1181.75;13.89;13.89;1.366;505.11;1010.22
KP-350X350X10;Kare;350×350×10;350;350;10;104.06;132.57;25188.95;25188.95;1439.37;1439.37;13.78;13.78;1.357;624.38;1248.77
KP-350X350X12.5;Kare;350×350×12,5;350;350;12.5;127.2;162.04;30044.52;30044.52;1716.83;1716.83;13.62;13.62;1.336;763.22;1526.44
KP-400X400X6;Kare;400×400×6;400;400;6;73.5;93.63;24104.17;24104.17;1205.21;1205.21;16.04;16.04;1.579;441.01;882.02
KP-400X400X8;Kare;400×400×8;400;400;8;96.75;123.24;31269.09;31269.09;1563.45;1563.45;15.93;15.93;1.566;580.47;1160.94
KP-400X400X10;Kare;400×400×10;400;400;10;119.76;152.57;38215.75;38215.75;1910.79;1910.79;15.83;15.83;1.557;718.58;1437.17
KP-400X400X12.5;Kare;400×400×12,5;400;400;12.5;146.83;187.04;45876.07;45876.07;2293.8;2293.8;15.66;15.66;1.536;880.97;1761.94
KP-20X10X1.2;Dikdörtgen;20×10×1,2;20;10;1.2;0.49;0.63;0.29;0.09;0.29;0.19;0.68;0.39;0.056;2.95;5.89
KP-20X10X1.5;Dikdörtgen;20×10×1,5;20;10;1.5;0.59;0.75;0.33;0.11;0.33;0.21;0.66;0.37;0.055;3.54;7.08
KP-20X10X2;Dikdörtgen;20×10×2;20;10;2;0.74;0.94;0.37;0.12;0.37;0.23;0.63;0.35;0.053;4.41;8.83
KP-30X15X1.2;Dikdörtgen;30×15×1,2;30;15;1.2;0.77;0.99;1.09;0.36;0.72;0.49;1.05;0.61;0.086;4.64;9.28
KP-30X15X1.5;Dikdörtgen;30×15×1,5;30;15;1.5;0.94;1.2;1.28;0.42;0.85;0.57;1.03;0.59;0.085;5.66;11.32
KP-30X15X2;Dikdörtgen;30×15×2;30;15;2;1.21;1.54;1.54;0.5;1.03;0.67;1.0;0.57;0.083;7.24;14.48
KP-30X15X2.5;Dikdörtgen;30×15×2,5;30;15;2.5;1.44;1.84;1.73;0.56;1.16;0.74;0.97;0.55;0.081;8.66;17.32
KP-30X15X3;Dikdörtgen;30×15×3;30;15;3;1.65;2.11;1.86;0.59;1.24;0.78;0.94;0.53;0.08;9.93;19.86
KP-30X20X1.2;Dikdörtgen;30×20×1,2;30;20;1.2;0.87;1.11;1.34;0.71;0.89;0.71;1.1;0.8;0.096;5.21;10.41
KP-30X20X1.5;Dikdörtgen;30×20×1,5;30;20;1.5;1.06;1.35;1.59;0.84;1.06;0.84;1.08;0.79;0.095;6.37;12.74
KP-30X20X2;Dikdörtgen;30×20×2;30;20;2;1.36;1.74;1.94;1.02;1.29;1.02;1.06;0.77;0.093;8.18;16.36
KP-30X20X2.5;Dikdörtgen;30×20×2,5;30;20;2.5;1.64;2.09;2.21;1.15;1.47;1.15;1.03;0.74;0.091;9.84;19.68
KP-30X20X3;Dikdörtgen;30×20×3;30;20;3;1.89;2.41;2.41;1.25;1.6;1.25;1.0;0.72;0.09;11.34;22.69
KP-40X10X1.5;Dikdörtgen;40×10×1,5;40;10;1.5;1.06;1.35;2.15;0.21;1.08;0.43;1.26;0.4;0.095;6.37;12.74
KP-40X10X2;Dikdörtgen;40×10×2;40;10;2;1.36;1.74;2.6;0.25;1.3;0.49;1.22;0.38;0.093;8.18;16.36
KP-40X10X2.5;Dikdörtgen;40×10×2,5;40;10;2.5;1.64;2.09;2.93;0.26;1.47;0.53;1.19;0.36;0.091;9.84;19.68
KP-40X15X1.5;Dikdörtgen;40×15×1,5;40;15;1.5;1.18;1.5;2.71;0.56;1.35;0.75;1.34;0.61;0.105;7.07;14.15
KP-40X15X2;Dikdörtgen;40×15×2;40;15;2;1.52;1.94;3.33;0.67;1.66;0.9;1.31;0.59;0.103;9.12;18.25
KP-40X15X2.5;Dikdörtgen;40×15×2,5;40;15;2.5;1.84;2.34;3.81;0.75;1.91;1.01;1.28;0.57;0.101;11.02;22.03
KP-40X15X3;Dikdörtgen;40×15×3;40;15;3;2.13;2.71;4.18;0.81;2.09;1.08;1.24;0.55;0.1;12.76;25.51
KP-40X20X1.5;Dikdörtgen;40×20×1,5;40;20;1.5;1.3;1.65;3.27;1.1;1.63;1.1;1.41;0.81;0.115;7.78;15.56
KP-40X20X2;Dikdörtgen;40×20×2;40;20;2;1.68;2.14;4.05;1.34;2.02;1.34;1.38;0.79;0.113;10.07;20.13
KP-40X20X2.5;Dikdörtgen;40×20×2,5;40;20;2.5;2.03;2.59;4.69;1.54;2.35;1.54;1.35;0.77;0.111;12.19;24.39
KP-40X20X3;Dikdörtgen;40×20×3;40;20;3;2.36;3.01;5.21;1.68;2.6;1.68;1.32;0.75;0.11;14.17;28.34
KP-40X20X4;Dikdörtgen;40×20×4;40;20;4;2.94;3.75;5.87;1.86;2.93;1.86;1.25;0.7;0.106;17.65;35.31
KP-40X30X1.5;Dikdörtgen;40×30×1,5;40;30;1.5;1.53;1.95;4.38;2.81;2.19;1.87;1.5;1.2;0.135;9.19;18.39
KP-40X30X2;Dikdörtgen;40×30×2;40;30;2;1.99;2.54;5.49;3.51;2.75;2.34;1.47;1.18;0.133;11.95;23.9
KP-40X30X2.5;Dikdörtgen;40×30×2,5;40;30;2.5;2.42;3.09;6.45;4.1;3.23;2.74;1.45;1.15;0.131;14.55;29.1
KP-40X30X3;Dikdörtgen;40×30×3;40;30;3;2.83;3.61;7.27;4.6;3.63;3.07;1.42;1.13;0.13;16.99;33.99
KP-40X30X4;Dikdörtgen;40×30×4;40;30;4;3.57;4.55;8.47;5.33;4.24;3.55;1.36;1.08;0.126;21.42;42.84
KP-50X20X1.5;Dikdörtgen;50×20×1,5;50;20;1.5;1.53;1.95;5.77;1.35;2.31;1.35;1.72;0.83;0.135;9.19;18.39
KP-50X20X2;Dikdörtgen;50×20×2;50;20;2;1.99;2.54;7.23;1.67;2.89;1.67;1.69;0.81;0.133;11.95;23.9
KP-50X20X2.5;Dikdörtgen;50×20×2,5;50;20;2.5;2.42;3.09;8.47;1.92;3.39;1.92;1.66;0.79;0.131;14.55;29.1
KP-50X20X3;Dikdörtgen;50×20×3;50;20;3;2.83;3.61;9.51;2.12;3.81;2.12;1.62;0.77;0.13;16.99;33.99
KP-50X20X4;Dikdörtgen;50×20×4;50;20;4;3.57;4.55;11.01;2.38;4.4;2.38;1.56;0.72;0.126;21.42;42.84
KP-50X25X1.5;Dikdörtgen;50×25×1,5;50;25;1.5;1.65;2.1;6.65;2.25;2.66;1.8;1.78;1.04;0.145;9.9;19.8
KP-50X25X2;Dikdörtgen;50×25×2;50;25;2;2.15;2.74;8.38;2.81;3.35;2.25;1.75;1.01;0.143;12.89;25.78
KP-50X25X2.5;Dikdörtgen;50×25×2,5;50;25;2.5;2.62;3.34;9.89;3.28;3.95;2.62;1.72;0.99;0.141;15.73;31.45
KP-50X25X3;Dikdörtgen;50×25×3;50;25;3;3.07;3.91;11.17;3.67;4.47;2.93;1.69;0.97;0.14;18.41;36.82
KP-50X25X4;Dikdörtgen;50×25×4;50;25;4;3.88;4.95;13.13;4.23;5.25;3.38;1.63;0.92;0.136;23.3;46.61
KP-50X30X1.5;Dikdörtgen;50×30×1,5;50;30;1.5;1.77;2.25;7.54;3.42;3.01;2.28;1.83;1.23;0.155;10.61;21.21
KP-50X30X2;Dikdörtgen;50×30×2;50;30;2;2.31;2.94;9.54;4.29;3.81;2.86;1.8;1.21;0.153;13.83;27.67
KP-50X30X2.5;Dikdörtgen;50×30×2,5;50;30;2.5;2.82;3.59;11.3;5.05;4.52;3.37;1.77;1.19;0.151;16.9;33.81
KP-50X30X3;Dikdörtgen;50×30×3;50;30;3;3.3;4.21;12.83;5.7;5.13;3.8;1.75;1.16;0.15;19.82;39.64
KP-50X30X4;Dikdörtgen;50×30×4;50;30;4;4.2;5.35;15.25;6.69;6.1;4.46;1.69;1.12;0.146;25.19;50.38
KP-60X20X2;Dikdörtgen;60×20×2;60;20;2;2.31;2.94;11.68;1.99;3.89;1.99;1.99;0.82;0.153;13.83;27.67
KP-60X20X2.5;Dikdörtgen;60×20×2,5;60;20;2.5;2.82;3.59;13.8;2.31;4.6;2.31;1.96;0.8;0.151;16.9;33.81
KP-60X20X3;Dikdörtgen;60×20×3;60;20;3;3.3;4.21;15.62;2.56;5.21;2.56;1.93;0.78;0.15;19.82;39.64
KP-60X20X4;Dikdörtgen;60×20×4;60;20;4;4.2;5.35;18.42;2.9;6.14;2.9;1.86;0.74;0.146;25.19;50.38
KP-60X20X5;Dikdörtgen;60×20×5;60;20;5;4.99;6.36;20.16;3.07;6.72;3.07;1.78;0.69;0.143;29.94;59.87
KP-60X30X2;Dikdörtgen;60×30×2;60;30;2;2.62;3.34;15.05;5.08;5.02;3.39;2.12;1.23;0.173;15.72;31.43
KP-60X30X2.5;Dikdörtgen;60×30×2,5;60;30;2.5;3.21;4.09;17.94;6.0;5.98;4.0;2.09;1.21;0.171;19.26;38.52
KP-60X30X3;Dikdörtgen;60×30×3;60;30;3;3.77;4.81;20.5;6.8;6.83;4.53;2.06;1.19;0.17;22.65;45.29
KP-60X30X4;Dikdörtgen;60×30×4;60;30;4;4.83;6.15;24.7;8.06;8.23;5.37;2.0;1.14;0.166;28.96;57.91
KP-60X30X5;Dikdörtgen;60×30×5;60;30;5;5.77;7.36;27.74;8.91;9.25;5.94;1.94;1.1;0.163;34.65;69.29
KP-60X40X2;Dikdörtgen;60×40×2;60;40;2;2.93;3.74;18.41;9.83;6.14;4.92;2.22;1.62;0.193;17.6;35.2
KP-60X40X2.5;Dikdörtgen;60×40×2,5;60;40;2.5;3.6;4.59;22.07;11.74;7.36;5.87;2.19;1.6;0.191;21.61;43.23
KP-60X40X3;Dikdörtgen;60×40×3;60;40;3;4.25;5.41;25.38;13.44;8.46;6.72;2.17;1.58;0.19;25.47;50.95
KP-60X40X4;Dikdörtgen;60×40×4;60;40;4;5.45;6.95;30.99;16.28;10.33;8.14;2.11;1.53;0.186;32.72;65.45
KP-60X40X5;Dikdörtgen;60×40×5;60;40;5;6.56;8.36;35.33;18.43;11.78;9.21;2.06;1.48;0.183;39.36;78.71
KP-70X30X2;Dikdörtgen;70×30×2;70;30;2;2.93;3.74;22.22;5.86;6.35;3.91;2.44;1.25;0.193;17.6;35.2
KP-70X30X2.5;Dikdörtgen;70×30×2,5;70;30;2.5;3.6;4.59;26.62;6.95;7.61;4.63;2.41;1.23;0.191;21.61;43.23
KP-70X30X3;Dikdörtgen;70×30×3;70;30;3;4.25;5.41;30.57;7.9;8.74;5.26;2.38;1.21;0.19;25.47;50.95
KP-70X30X4;Dikdörtgen;70×30×4;70;30;4;5.45;6.95;37.23;9.42;10.64;6.28;2.31;1.16;0.186;32.72;65.45
KP-70X30X5;Dikdörtgen;70×30×5;70;30;5;6.56;8.36;42.29;10.49;12.08;6.99;2.25;1.12;0.183;39.36;78.71
KP-70X40X2;Dikdörtgen;70×40×2;70;40;2;3.25;4.14;26.85;11.28;7.67;5.64;2.55;1.65;0.213;19.49;38.97
KP-70X40X2.5;Dikdörtgen;70×40×2,5;70;40;2.5;3.99;5.09;32.32;13.5;9.23;6.75;2.52;1.63;0.211;23.97;47.94
KP-70X40X3;Dikdörtgen;70×40×3;70;40;3;4.72;6.01;37.31;15.5;10.66;7.75;2.49;1.61;0.21;28.3;56.6
KP-70X40X4;Dikdörtgen;70×40×4;70;40;4;6.08;7.75;45.95;18.88;13.13;9.44;2.44;1.56;0.206;36.49;72.99
KP-70X40X5;Dikdörtgen;70×40×5;70;40;5;7.34;9.36;52.88;21.51;15.11;10.75;2.38;1.52;0.203;44.07;88.13
KP-70X50X2;Dikdörtgen;70×50×2;70;50;2;3.56;4.54;31.48;18.76;8.99;7.5;2.63;2.03;0.233;21.37;42.74
KP-70X50X2.5;Dikdörtgen;70×50×2,5;70;50;2.5;4.39;5.59;38.01;22.59;10.86;9.04;2.61;2.01;0.231;26.32;52.65
KP-70X50X3;Dikdörtgen;70×50×3;70;50;3;5.19;6.61;44.05;26.1;12.59;10.44;2.58;1.99;0.23;31.12;62.25
KP-70X50X4;Dikdörtgen;70×50×4;70;50;4;6.71;8.55;54.67;32.22;15.62;12.89;2.53;1.94;0.226;40.26;80.52
KP-70X50X5;Dikdörtgen;70×50×5;70;50;5;8.13;10.36;63.46;37.2;18.13;14.88;2.48;1.9;0.223;48.78;97.55
KP-80X20X2;Dikdörtgen;80×20×2;80;20;2;2.93;3.74;25.19;2.64;6.3;2.64;2.6;0.84;0.193;17.6;35.2
KP-80X20X2.5;Dikdörtgen;80×20×2,5;80;20;2.5;3.6;4.59;30.08;3.08;7.52;3.08;2.56;0.82;0.191;21.61;43.23
KP-80X20X3;Dikdörtgen;80×20×3;80;20;3;4.25;5.41;34.45;3.44;8.61;3.44;2.52;0.8;0.19;25.47;50.95
KP-80X20X4;Dikdörtgen;80×20×4;80;20;4;5.45;6.95;41.67;3.95;10.42;3.95;2.45;0.75;0.186;32.72;65.45
KP-80X20X5;Dikdörtgen;80×20×5;80;20;5;6.56;8.36;46.94;4.24;11.74;4.24;2.37;0.71;0.183;39.36;78.71
KP-80X40X2;Dikdörtgen;80×40×2;80;40;2;3.56;4.54;37.36;12.72;9.34;6.36;2.87;1.67;0.233;21.37;42.74
KP-80X40X2.5;Dikdörtgen;80×40×2,5;80;40;2.5;4.39;5.59;45.11;15.26;11.28;7.63;2.84;1.65;0.231;26.32;52.65
KP-80X40X3;Dikdörtgen;80×40×3;80;40;3;5.19;6.61;52.25;17.56;13.06;8.78;2.81;1.63;0.23;31.12;62.25
KP-80X40X4;Dikdörtgen;80×40×4;80;40;4;6.71;8.55;64.79;21.49;16.2;10.74;2.75;1.59;0.226;40.26;80.52
KP-80X40X5;Dikdörtgen;80×40×5;80;40;5;8.13;10.36;75.11;24.59;18.78;12.3;2.69;1.54;0.223;48.78;97.55
KP-80X60X2;Dikdörtgen;80×60×2;80;60;2;4.19;5.34;49.53;31.87;12.38;10.62;3.05;2.44;0.273;25.14;50.27
KP-80X60X2.5;Dikdörtgen;80×60×2,5;80;60;2.5;5.17;6.59;60.13;38.61;15.03;12.87;3.02;2.42;0.271;31.03;62.07
KP-80X60X3;Dikdörtgen;80×60×3;80;60;3;6.13;7.81;70.05;44.89;17.51;14.96;3.0;2.4;0.27;36.78;73.55
KP-80X60X4;Dikdörtgen;80×60×4;80;60;4;7.97;10.15;87.92;56.12;21.98;18.71;2.94;2.35;0.266;47.8;95.59
KP-80X60X5;Dikdörtgen;80×60×5;80;60;5;9.7;12.36;103.27;65.66;25.82;21.89;2.89;2.31;0.263;58.2;116.39
KP-90X50X2;Dikdörtgen;90×50×2;90;50;2;4.19;5.34;57.88;23.37;12.86;9.35;3.29;2.09;0.273;25.14;50.27
KP-90X50X2.5;Dikdörtgen;90×50×2,5;90;50;2.5;5.17;6.59;70.26;28.24;15.61;11.29;3.27;2.07;0.271;31.03;62.07
KP-90X50X3;Dikdörtgen;90×50×3;90;50;3;6.13;7.81;81.85;32.74;18.19;13.1;3.24;2.05;0.27;36.78;73.55
KP-90X50X4;Dikdörtgen;90×50×4;90;50;4;7.97;10.15;102.71;40.71;22.82;16.28;3.18;2.0;0.266;47.8;95.59
KP-90X50X5;Dikdörtgen;90×50×5;90;50;5;9.7;12.36;120.6;47.37;26.8;18.95;3.12;1.96;0.263;58.2;116.39
KP-90X50X6;Dikdörtgen;90×50×6;90;50;6;11.33;14.43;135.66;52.83;30.15;21.13;3.07;1.91;0.259;67.98;135.96
KP-100X20X2;Dikdörtgen;100×20×2;100;20;2;3.56;4.54;46.17;3.29;9.23;3.29;3.19;0.85;0.233;21.37;42.74
KP-100X20X2.5;Dikdörtgen;100×20×2,5;100;20;2.5;4.39;5.59;55.55;3.85;11.11;3.85;3.15;0.83;0.231;26.32;52.65
KP-100X20X3;Dikdörtgen;100×20×3;100;20;3;5.19;6.61;64.1;4.31;12.82;4.31;3.11;0.81;0.23;31.12;62.25
KP-100X20X4;Dikdörtgen;100×20×4;100;20;4;6.71;8.55;78.81;5.0;15.76;5.0;3.04;0.76;0.226;40.26;80.52
KP-100X20X5;Dikdörtgen;100×20×5;100;20;5;8.13;10.36;90.43;5.4;18.09;5.4;2.96;0.72;0.223;48.78;97.55
KP-100X30X2;Dikdörtgen;100×30×2;100;30;2;3.88;4.94;55.77;8.22;11.15;5.48;3.36;1.29;0.253;23.25;46.51
KP-100X30X2.5;Dikdörtgen;100×30×2,5;100;30;2.5;4.78;6.09;67.43;9.79;13.49;6.53;3.33;1.27;0.251;28.68;57.36
KP-100X30X3;Dikdörtgen;100×30×3;100;30;3;5.66;7.21;78.22;11.19;15.64;7.46;3.29;1.25;0.25;33.95;67.9
KP-100X30X4;Dikdörtgen;100×30×4;100;30;4;7.34;9.35;97.25;13.51;19.45;9.0;3.23;1.2;0.246;44.03;88.06
KP-100X30X5;Dikdörtgen;100×30×5;100;30;5;8.91;11.36;113.02;15.24;22.6;10.16;3.15;1.16;0.243;53.49;106.97
KP-100X30X6;Dikdörtgen;100×30×6;100;30;6;10.39;13.23;125.66;16.47;25.13;10.98;3.08;1.12;0.239;62.33;124.65
KP-100X40X2;Dikdörtgen;100×40×2;100;40;2;4.19;5.34;65.38;15.61;13.08;7.81;3.5;1.71;0.273;25.14;50.27
KP-100X40X2.5;Dikdörtgen;100×40×2,5;100;40;2.5;5.17;6.59;79.32;18.78;15.86;9.39;3.47;1.69;0.271;31.03;62.07
KP-100X40X3;Dikdörtgen;100×40×3;100;40;3;6.13;7.81;92.34;21.67;18.47;10.84;3.44;1.67;0.27;36.78;73.55
KP-100X40X4;Dikdörtgen;100×40×4;100;40;4;7.97;10.15;115.69;26.69;23.14;13.35;3.38;1.62;0.266;47.8;95.59
KP-100X40X5;Dikdörtgen;100×40×5;100;40;5;9.7;12.36;135.6;30.76;27.12;15.38;3.31;1.58;0.263;58.2;116.39
KP-100X40X6;Dikdörtgen;100×40×6;100;40;6;11.33;14.43;152.21;33.96;30.44;16.98;3.25;1.53;0.259;67.98;135.96
KP-100X50X2;Dikdörtgen;100×50×2;100;50;2;4.5;5.74;74.98;25.67;15.0;10.27;3.62;2.12;0.293;27.02;54.04
KP-100X50X2.5;Dikdörtgen;100×50×2,5;100;50;2.5;5.56;7.09;91.2;31.06;18.24;12.42;3.59;2.09;0.291;33.39;66.78
KP-100X50X3;Dikdörtgen;100×50×3;100;50;3;6.6;8.41;106.46;36.06;21.29;14.42;3.56;2.07;0.29;39.6;79.21
KP-100X50X4;Dikdörtgen;100×50×4;100;50;4;8.59;10.95;134.14;44.95;26.83;17.98;3.5;2.03;0.286;51.56;103.13
KP-100X50X5;Dikdörtgen;100×50×5;100;50;5;10.48;13.36;158.18;52.45;31.64;20.98;3.44;1.98;0.283;62.91;125.81
KP-100X50X6;Dikdörtgen;100×50×6;100;50;6;12.27;15.63;178.75;58.67;35.75;23.47;3.38;1.94;0.279;73.63;147.26
KP-100X60X2;Dikdörtgen;100×60×2;100;60;2;4.82;6.14;84.59;38.6;16.92;12.87;3.71;2.51;0.313;28.91;57.81
KP-100X60X2.5;Dikdörtgen;100×60×2,5;100;60;2.5;5.96;7.59;103.09;46.88;20.62;15.63;3.69;2.49;0.311;35.74;71.49
KP-100X60X3;Dikdörtgen;100×60×3;100;60;3;7.07;9.01;120.57;54.65;24.11;18.22;3.66;2.46;0.31;42.43;84.86
KP-100X60X4;Dikdörtgen;100×60×4;100;60;4;9.22;11.75;152.58;68.68;30.52;22.89;3.6;2.42;0.306;55.33;110.67
KP-100X60X5;Dikdörtgen;100×60×5;100;60;5;11.27;14.36;180.77;80.83;36.15;26.94;3.55;2.37;0.303;67.62;135.23
KP-100X60X6;Dikdörtgen;100×60×6;100;60;6;13.21;16.83;205.29;91.2;41.06;30.4;3.49;2.33;0.299;79.28;158.56
KP-100X80X2;Dikdörtgen;100×80×2;100;80;2;5.45;6.94;103.8;73.87;20.76;18.47;3.87;3.26;0.353;32.67;65.35
KP-100X80X2.5;Dikdörtgen;100×80×2,5;100;80;2.5;6.74;8.59;126.86;90.17;25.37;22.54;3.84;3.24;0.351;40.45;80.91
KP-100X80X3;Dikdörtgen;100×80×3;100;80;3;8.01;10.21;148.81;105.64;29.76;26.41;3.82;3.22;0.35;48.08;96.16
KP-100X80X4;Dikdörtgen;100×80×4;100;80;4;10.48;13.35;189.46;134.17;37.89;33.54;3.77;3.17;0.346;62.87;125.74
KP-100X80X5;Dikdörtgen;100×80×5;100;80;5;12.84;16.36;225.93;159.61;45.19;39.9;3.72;3.12;0.343;77.04;154.07
KP-100X80X6;Dikdörtgen;100×80×6;100;80;6;15.1;19.23;258.38;182.1;51.68;45.53;3.67;3.08;0.339;90.59;181.17
KP-120X40X3;Dikdörtgen;120×40×3;120;40;3;7.07;9.01;148.04;25.79;24.67;12.89;4.05;1.69;0.31;42.43;84.86
KP-120X40X4;Dikdörtgen;120×40×4;120;40;4;9.22;11.75;186.89;31.9;31.15;15.95;3.99;1.65;0.306;55.33;110.67
KP-120X40X5;Dikdörtgen;120×40×5;120;40;5;11.27;14.36;220.8;36.93;36.8;18.46;3.92;1.6;0.303;67.62;135.23
KP-120X40X6;Dikdörtgen;120×40×6;120;40;6;13.21;16.83;249.96;40.97;41.66;20.49;3.85;1.56;0.299;79.28;158.56
KP-120X40X8;Dikdörtgen;120×40×8;120;40;8;16.36;20.84;274.77;44.39;45.8;22.19;3.63;1.46;0.286;98.17;196.33
KP-120X60X3;Dikdörtgen;120×60×3;120;60;3;8.01;10.21;189.12;64.4;31.52;21.47;4.3;2.51;0.35;48.08;96.16
KP-120X60X4;Dikdörtgen;120×60×4;120;60;4;10.48;13.35;240.74;81.25;40.12;27.08;4.25;2.47;0.346;62.87;125.74
KP-120X60X5;Dikdörtgen;120×60×5;120;60;5;12.84;16.36;286.97;95.99;47.83;32.0;4.19;2.42;0.343;77.04;154.07
KP-120X60X6;Dikdörtgen;120×60×6;120;60;6;15.1;19.23;328.01;108.77;54.67;36.26;4.13;2.38;0.339;90.59;181.17
KP-120X60X8;Dikdörtgen;120×60×8;120;60;8;18.87;24.04;375.3;123.98;62.55;41.33;3.95;2.27;0.326;113.24;226.48
KP-120X80X3;Dikdörtgen;120×80×3;120;80;3;8.96;11.41;230.19;123.43;38.37;30.86;4.49;3.29;0.39;53.73;107.47
KP-120X80X4;Dikdörtgen;120×80×4;120;80;4;11.73;14.95;294.58;157.29;49.1;39.32;4.44;3.24;0.386;70.4;140.81
KP-120X80X5;Dikdörtgen;120×80×5;120;80;5;14.41;18.36;353.14;187.77;58.86;46.94;4.39;3.2;0.383;86.46;172.91
KP-120X80X6;Dikdörtgen;120×80×6;120;80;6;16.98;21.63;406.06;215.03;67.68;53.76;4.33;3.15;0.379;101.89;203.78
KP-120X80X8;Dikdörtgen;120×80×8;120;80;8;21.39;27.24;475.82;251.66;79.3;62.91;4.18;3.04;0.366;128.31;256.62
KP-140X60X3;Dikdörtgen;140×60×3;140;60;3;8.96;11.41;278.08;74.16;39.73;24.72;4.94;2.55;0.39;53.73;107.47
KP-140X60X4;Dikdörtgen;140×60×4;140;60;4;11.73;14.95;355.59;93.81;50.8;31.27;4.88;2.51;0.386;70.4;140.81
KP-140X60X5;Dikdörtgen;140×60×5;140;60;5;14.41;18.36;425.89;111.16;60.84;37.05;4.82;2.46;0.383;86.46;172.91
KP-140X60X6;Dikdörtgen;140×60×6;140;60;6;16.98;21.63;489.19;126.34;69.88;42.11;4.76;2.42;0.379;101.89;203.78
KP-140X60X8;Dikdörtgen;140×60×8;140;60;8;21.39;27.24;568.5;145.78;81.21;48.59;4.57;2.31;0.366;128.31;256.62
KP-140X80X3;Dikdörtgen;140×80×3;140;80;3;9.9;12.61;334.39;141.23;47.77;35.31;5.15;3.35;0.43;59.38;118.77
KP-140X80X4;Dikdörtgen;140×80×4;140;80;4;12.99;16.55;429.6;180.42;61.37;45.1;5.1;3.3;0.426;77.94;155.88
KP-140X80X5;Dikdörtgen;140×80×5;140;80;5;15.98;20.36;517.05;215.94;73.86;53.99;5.04;3.26;0.423;95.88;191.75
KP-140X80X6;Dikdörtgen;140×80×6;140;80;6;18.87;24.03;596.99;247.96;85.28;61.99;4.98;3.21;0.419;113.19;226.39
KP-140X80X8;Dikdörtgen;140×80×8;140;80;8;23.9;30.44;708.07;293.3;101.15;73.32;4.82;3.1;0.406;143.38;286.76
KP-150X50X3;Dikdörtgen;150×50×3;150;50;3;8.96;11.41;298.55;52.65;39.81;21.06;5.12;2.15;0.39;53.73;107.47
KP-150X50X4;Dikdörtgen;150×50×4;150;50;4;11.73;14.95;381.39;66.16;50.85;26.46;5.05;2.1;0.386;70.4;140.81
KP-150X50X5;Dikdörtgen;150×50×5;150;50;5;14.41;18.36;456.28;77.87;60.84;31.15;4.99;2.06;0.383;86.46;172.91
KP-150X50X6;Dikdörtgen;150×50×6;150;50;6;16.98;21.63;523.46;87.89;69.79;35.16;4.92;2.02;0.379;101.89;203.78
KP-150X50X8;Dikdörtgen;150×50×8;150;50;8;21.39;27.24;604.4;100.0;80.59;40.0;4.71;1.92;0.366;128.31;256.62
KP-150X100X3;Dikdörtgen;150×100×3;150;100;3;11.31;14.41;460.64;247.64;61.42;49.53;5.65;4.15;0.49;67.86;135.73
KP-150X100X4;Dikdörtgen;150×100×4;150;100;4;14.87;18.95;594.6;318.56;79.28;63.71;5.6;4.1;0.486;89.24;178.49
KP-150X100X5;Dikdörtgen;150×100×5;150;100;5;18.33;23.36;719.2;384.02;95.89;76.8;5.55;4.05;0.483;110.01;220.01
KP-150X100X6;Dikdörtgen;150×100×6;150;100;6;21.69;27.63;834.68;444.19;111.29;88.84;5.5;4.01;0.479;130.15;260.3
KP-150X100X8;Dikdörtgen;150×100×8;150;100;8;27.67;35.24;1008.11;535.64;134.41;107.13;5.35;3.9;0.466;165.99;331.98
KP-160X80X4;Dikdörtgen;160×80×4;160;80;4;14.25;18.15;597.71;203.54;74.71;50.89;5.74;3.35;0.466;85.48;170.95
KP-160X80X5;Dikdörtgen;160×80×5;160;80;5;17.55;22.36;721.68;244.11;90.21;61.03;5.68;3.3;0.463;105.3;210.59
KP-160X80X6;Dikdörtgen;160×80×6;160;80;6;20.75;26.43;836.0;280.89;104.5;70.22;5.62;3.26;0.459;124.5;249.0
KP-160X80X8;Dikdörtgen;160×80×8;160;80;8;26.41;33.64;1001.2;334.94;125.15;83.74;5.46;3.16;0.446;158.45;316.91
KP-160X80X10;Dikdörtgen;160×80×10;160;80;10;31.84;40.57;1146.3;379.8;143.29;94.95;5.32;3.06;0.437;191.06;382.13
KP-180X100X4;Dikdörtgen;180×100×4;180;100;4;16.76;21.35;926.04;373.89;102.89;74.78;6.59;4.18;0.546;100.55;201.1
KP-180X100X5;Dikdörtgen;180×100×5;180;100;5;20.69;26.36;1124.19;451.77;124.91;90.35;6.53;4.14;0.543;124.14;248.27
KP-180X100X6;Dikdörtgen;180×100×6;180;100;6;24.52;31.23;1309.6;523.82;145.51;104.76;6.48;4.1;0.539;147.11;294.21
KP-180X100X8;Dikdörtgen;180×100×8;180;100;8;31.43;40.04;1598.46;637.47;177.61;127.49;6.32;3.99;0.526;188.6;377.2
KP-180X100X10;Dikdörtgen;180×100×10;180;100;10;38.12;48.57;1859.42;736.4;206.6;147.28;6.19;3.89;0.517;228.74;457.49
KP-200X100X4;Dikdörtgen;200×100×4;200;100;4;18.01;22.95;1199.7;410.78;119.97;82.16;7.23;4.23;0.586;108.08;216.17
KP-200X100X5;Dikdörtgen;200×100×5;200;100;5;22.26;28.36;1459.24;496.93;145.92;99.39;7.17;4.19;0.583;133.56;267.11
KP-200X100X6;Dikdörtgen;200×100×6;200;100;6;26.4;33.63;1703.29;576.91;170.33;115.38;7.12;4.14;0.579;158.41;316.82
KP-200X100X8;Dikdörtgen;200×100×8;200;100;8;33.95;43.24;2090.8;705.35;209.08;141.07;6.95;4.04;0.566;203.67;407.34
KP-200X100X10;Dikdörtgen;200×100×10;200;100;10;41.26;52.57;2444.34;817.73;244.43;163.55;6.82;3.94;0.557;247.58;495.17
KP-200X120X4;Dikdörtgen;200×120×4;200;120;4;19.27;24.55;1353.38;617.65;135.34;102.94;7.43;5.02;0.626;115.62;231.24
KP-200X120X5;Dikdörtgen;200×120×5;200;120;5;23.83;30.36;1649.41;750.14;164.94;125.02;7.37;4.97;0.623;142.98;285.95
KP-200X120X6;Dikdörtgen;200×120×6;200;120;6;28.29;36.03;1929.18;874.34;192.92;145.72;7.32;4.93;0.619;169.71;339.43
KP-200X120X8;Dikdörtgen;200×120×8;200;120;8;36.46;46.44;2385.89;1078.95;238.59;179.83;7.17;4.82;0.606;218.74;437.48
KP-200X120X10;Dikdörtgen;200×120×10;200;120;10;44.4;56.57;2805.67;1262.12;280.57;210.35;7.04;4.72;0.597;266.42;532.85
KP-200X150X4;Dikdörtgen;200×150×4;200;150;4;21.15;26.95;1583.91;1021.03;158.39;136.14;7.67;6.16;0.686;126.92;253.85
KP-200X150X5;Dikdörtgen;200×150×5;200;150;5;26.18;33.36;1934.66;1245.03;193.47;166.0;7.62;6.11;0.683;157.11;314.21
KP-200X150X6;Dikdörtgen;200×150×6;200;150;6;31.11;39.63;2268.01;1457.12;226.8;194.28;7.56;6.06;0.679;186.67;373.34
KP-200X150X8;Dikdörtgen;200×150×8;200;150;8;40.23;51.24;2828.51;1815.52;282.85;242.07;7.43;5.95;0.666;241.35;482.7
KP-200X150X10;Dikdörtgen;200×150×10;200;150;10;49.11;62.57;3347.67;2143.33;334.77;285.78;7.31;5.85;0.657;294.68;589.37
KP-250X150X5;Dikdörtgen;250×150×5;250;150;5;30.11;38.36;3304.16;1507.95;264.33;201.06;9.28;6.27;0.783;180.66;361.31
KP-250X150X6;Dikdörtgen;250×150×6;250;150;6;35.82;45.63;3885.54;1768.34;310.84;235.78;9.23;6.23;0.779;214.93;429.86
KP-250X150X8;Dikdörtgen;250×150×8;250;150;8;46.51;59.24;4885.73;2219.23;390.86;295.9;9.08;6.12;0.766;279.03;558.06
KP-250X150X10;Dikdörtgen;250×150×10;250;150;10;56.96;72.57;5824.92;2634.17;465.99;351.22;8.96;6.02;0.757;341.78;683.57
KP-250X150X12.5;Dikdörtgen;250×150×12,5;250;150;12.5;68.33;87.04;6632.49;3002.28;530.6;400.3;8.73;5.87;0.736;409.97;819.94
KP-300X100X5;Dikdörtgen;300×100×5;300;100;5;30.11;38.36;4065.19;722.77;271.01;144.55;10.29;4.34;0.783;180.66;361.31
KP-300X100X6;Dikdörtgen;300×100×6;300;100;6;35.82;45.63;4776.75;842.35;318.45;168.47;10.23;4.3;0.779;214.93;429.86
KP-300X100X8;Dikdörtgen;300×100×8;300;100;8;46.51;59.24;5977.77;1044.76;398.52;208.95;10.05;4.2;0.766;279.03;558.06
KP-300X100X10;Dikdörtgen;300×100×10;300;100;10;56.96;72.57;7105.9;1224.4;473.73;244.88;9.9;4.11;0.757;341.78;683.57
KP-300X100X12.5;Dikdörtgen;300×100×12,5;300;100;12.5;68.33;87.04;8009.34;1373.9;533.96;274.78;9.59;3.97;0.736;409.97;819.94
KP-300X200X5;Dikdörtgen;300×200×5;300;200;5;37.96;48.36;6241.02;3360.91;416.07;336.09;11.36;8.34;0.983;227.76;455.51
KP-300X200X6;Dikdörtgen;300×200×6;300;200;6;45.24;57.63;7370.19;3962.17;491.35;396.22;11.31;8.29;0.979;271.45;542.9
KP-300X200X8;Dikdörtgen;300×200×8;300;200;8;59.07;75.24;9389.19;5041.63;625.95;504.16;11.17;8.19;0.966;354.39;708.78
KP-300X200X10;Dikdörtgen;300×200×10;300;200;10;72.66;92.57;11312.57;6057.67;754.17;605.77;11.05;8.09;0.957;435.98;871.97
KP-300X200X12.5;Dikdörtgen;300×200×12,5;300;200;12.5;87.95;112.04;13178.61;7059.83;878.57;705.98;10.85;7.94;0.936;527.72;1055.44
KP-400X200X6;Dikdörtgen;400×200×6;400;200;6;54.66;69.63;14789.29;5091.61;739.46;509.16;14.57;8.55;1.179;327.97;655.94
KP-400X200X8;Dikdörtgen;400×200×8;400;200;8;71.63;91.24;18974.26;6517.04;948.71;651.7;14.42;8.45;1.166;429.75;859.5
KP-400X200X10;Dikdörtgen;400×200×10;400;200;10;88.36;112.57;23002.41;7864.34;1150.12;786.43;14.29;8.36;1.157;530.18;1060.37
KP-400X200X12.5;Dikdörtgen;400×200×12,5;400;200;12.5;107.58;137.04;27100.03;9260.35;1355.0;926.03;14.06;8.22;1.136;645.47;1290.94
